사건번호,용도,시도,시군구,소재지,감정가,최저가,결과,낙찰가,낙찰율,매각일,분기
광주 4계 2020-4001,단독주택,광주,동구,광주 동구 산수동 554-31,"35,242,240","35,242,240",기각,0,0%,2026-02-19,2026_1Q
광주 10계 2023-2839,근린상가,광주,광산구,"광주 광산구 하남동 785 ,786 다승빌딩 1동 4층 401호","6,476,000,000","1,188,352,000",낙찰,"1,191,000,000",18.4%,2026-02-20,2026_1Q
광주 10계 2023-4460(2),근린상가,광주,서구,"광주 서구 매월동 750-4 ,756-3 지하1층 103호","635,000,000","116,524,000",낙찰,0,0%,2026-02-20,2026_1Q
광주 2계 2023-5166(1),근린상가,광주,서구,광주 서구 치평동 1218-1 프리미엄아울렛 4층 10호,"307,000,000","45,067,000",낙찰,"61,000,000",19.9%,2026-02-19,2026_1Q
광주 2계 2023-5166(2),근린상가,광주,서구,광주 서구 치평동 1218-1 프리미엄아울렛 4층 12호,"307,000,000","45,067,000",낙찰,"61,000,000",19.9%,2026-02-19,2026_1Q
광주 2계 2023-5166(3),근린상가,광주,서구,광주 서구 치평동 1218-1 프리미엄아울렛 4층 15호,"606,000,000","88,962,000",낙찰,"120,000,000",19.8%,2026-02-19,2026_1Q
광주 2계 2023-5166(7),근린상가,광주,서구,광주 서구 치평동 1218-1 프리미엄아울렛 4층 26호,"388,000,000","56,958,000",낙찰,"81,500,000",21.0%,2026-02-19,2026_1Q
광주 2계 2023-5166(8),근린상가,광주,서구,광주 서구 치평동 1218-1 프리미엄아울렛 4층 29호,"684,000,000","100,412,000",낙찰,"140,000,000",20.5%,2026-02-19,2026_1Q
광주 2계 2023-5166(4),근린상가,광주,서구,광주 서구 치평동 1218-1 프리미엄아울렛 4층 19호,"81,000,000","18,579,000",낙찰,"31,800,000",39.3%,2026-02-19,2026_1Q
광주 2계 2023-5166(5),근린상가,광주,서구,광주 서구 치평동 1218-1 프리미엄아울렛 4층 22호,"168,000,000","38,535,000",낙찰,"55,000,000",32.7%,2026-02-19,2026_1Q
광주 2계 2023-5166(6),근린상가,광주,서구,광주 서구 치평동 1218-1 프리미엄아울렛 4층 23호,"168,000,000","38,535,000",낙찰,"55,000,000",32.7%,2026-02-19,2026_1Q
광주 2계 2023-5166(9),근린상가,광주,서구,광주 서구 치평동 1218-1 프리미엄아울렛 4층 35호,"45,000,000","10,322,000",낙찰,"20,200,000",44.9%,2026-02-19,2026_1Q
광주 6계 2023-9878,근린상가,광주,서구,"광주 서구 화정동 23-147 ,23-247 메리앙혼수백화점 2층 205호","124,000,000","124,000,000",진행,0,0%,2026-03-11,2026_1Q
광주 5계 2023-63209(1),전,광주,북구,광주 북구 청풍동 1205-3,"5,743,920","2,060,000",진행,0,0%,2026-03-04,2026_1Q
광주 3계 2023-70832,아파트,광주,북구,광주 북구 오치동 924-13 오치 1동 1층 102호,"87,000,000","48,720,000",진행,0,0%,2026-03-05,2026_1Q
광주 9계 2023-76762,오피스텔(주거),광주,북구,광주 북구 신안동 478-5 굿마인드 4층 401호,"64,000,000","2,464,000",진행,0,0%,2026-02-25,2026_1Q
광주 5계 2023-82187,다가구,광주,북구,광주 북구 신안동 240-2 스위트빌,"932,067,840","35,869,000",진행,0,0%,2026-03-04,2026_1Q
광주 6계 2024-1031,근린상가,광주,남구,광주 남구 봉선동 465-3 케이씨빌딩 4층 401호,"2,759,000,000","1,545,040,000",진행,0,0%,2026-03-11,2026_1Q
광주 5계 2024-1529,근린주택,광주,남구,광주 남구 월산동 953-10 1동,"2,839,395,280","1,590,062,000",진행,0,0%,2026-03-04,2026_1Q
광주 12계 2024-2485,답,광주,북구,광주 북구 월출동 92,"1,907,121,000","1,334,985,000",진행,0,0%,2026-03-06,2026_1Q
광주 10계 2024-3709(3),아파트상가,광주,남구,광주 남구 지석동 444 일진스위트포레 상가동 1층 1-102호,"260,000,000","74,548,000",낙찰,"80,190,000",30.8%,2026-02-20,2026_1Q
광주 11계 2024-3716,다가구,광주,광산구,광주 광산구 신창동 650-18,"855,518,600","383,274,000",진행,0,0%,2026-03-03,2026_1Q
광주 2계 2024-3921,주상복합(상가),광주,동구,광주 동구 산수동 715 라도스하임 1층 116호,"194,500,000","22,843,000",낙찰,"26,660,000",13.7%,2026-02-19,2026_1Q
광주 11계 2024-4375(2),단독주택,광주,남구,광주 남구 월산동 983-26,"192,818,530","192,818,530",신건,0,0%,2026-03-03,2026_1Q
광주 11계 2024-4375(4),단독주택,광주,북구,광주 북구 오치동 973-1,"218,222,880","218,222,880",신건,0,0%,2026-03-03,2026_1Q
광주 11계 2024-4375(5),단독주택,광주,북구,광주 북구 신안동 250-6,"153,852,120","153,852,120",신건,0,0%,2026-03-03,2026_1Q
광주 11계 2024-4504,단독주택,광주,동구,광주 동구 계림동 1672,"52,486,175","15,050,000",진행,0,0%,2026-03-03,2026_1Q
광주 6계 2024-5538(1),오피스텔(주거),광주,동구,"광주 동구 금남로4가 79-1 ,충장로4가 7-3,7-14 로머스파크주건축물 10층 1015호","313,000,000","112,180,000",진행,0,0%,2026-03-11,2026_1Q
광주 6계 2024-5538(2),오피스텔,광주,동구,"광주 동구 금남로4가 79-1 ,충장로4가 7-3,7-14 로머스파크주건축물 19층 1903호","336,000,000","120,423,000",진행,0,0%,2026-03-11,2026_1Q
광주 5계 2024-5583,아파트,광주,북구,광주 북구 연제동 1009 연제2차대주피오레 202동 1층 101호,"301,000,000","210,700,000",진행,0,0%,2026-03-04,2026_1Q
광주 12계 2024-6067,아파트형공장,광주,북구,광주 북구 연제동 1038-6 첨단리채비즈타워지식산업센터 6층 에이-601호,"793,000,000","793,000,000",신건,0,0%,2026-03-06,2026_1Q
광주 12계 2024-6227,아파트,광주,광산구,광주 광산구 운남동 781-1 운남8단지주공 802동 5층 504호,"203,000,000","203,000,000",신건,0,0%,2026-03-06,2026_1Q
광주 5계 2024-6470(1),다세대,광주,북구,광주 북구 용봉동 751-3 로즈빌라 4층 403호,"87,000,000","19,956,000",진행,0,0%,2026-03-04,2026_1Q
광주 5계 2024-6470(2),다세대,광주,북구,광주 북구 용봉동 751-3 로즈빌라 4층 404호,"92,000,000","21,104,000",진행,0,0%,2026-03-04,2026_1Q
광주 2계 2024-6883,답,광주,광산구,광주 광산구 신촌동 697-4,"1,525,006,000","683,204,000",낙찰,"716,670,000",47.0%,2026-02-19,2026_1Q
광주 11계 2024-6982,아파트,광주,동구,광주 동구 산수동 79-3 무등파크맨션 9층 1002호,"169,000,000","118,300,000",진행,0,0%,2026-03-03,2026_1Q
광주 1계 2024-7107,아파트형공장,광주,광산구,광주 광산구 오선동 270-106 지식산업센터케이비아이하남 3층 비-305호,"330,000,000","118,272,000",낙찰,"123,000,000",37.3%,2026-02-11,2026_1Q
광주 11계 2024-7442,아파트,광주,광산구,"광주 광산구 장덕동 1593 ,1594 광주수완현진에버빌2단지 202동 2층 203호","497,000,000","347,900,000",진행,0,0%,2026-03-03,2026_1Q
광주 12계 2024-7619(1),오피스텔,광주,동구,"광주 동구 금남로4가 79-1 ,충장로4가 7-3,7-14 로머스파크주건축물 4층 402호","331,000,000","185,360,000",진행,0,0%,2026-03-06,2026_1Q
광주 12계 2024-7619(2),오피스텔,광주,동구,"광주 동구 금남로4가 79-1 ,충장로4가 7-3,7-14 로머스파크주건축물 4층 403호","331,000,000","185,360,000",진행,0,0%,2026-03-06,2026_1Q
광주 12계 2024-7619(3),오피스텔,광주,동구,"광주 동구 금남로4가 79-1 ,충장로4가 7-3,7-14 로머스파크주건축물 5층 502호","331,000,000","185,360,000",진행,0,0%,2026-03-06,2026_1Q
광주 12계 2024-7619(4),오피스텔,광주,동구,"광주 동구 금남로4가 79-1 ,충장로4가 7-3,7-14 로머스파크주건축물 5층 503호","331,000,000","185,360,000",진행,0,0%,2026-03-06,2026_1Q
광주 12계 2024-7619(5),오피스텔,광주,동구,"광주 동구 금남로4가 79-1 ,충장로4가 7-3,7-14 로머스파크주건축물 5층 516호","328,000,000","183,680,000",진행,0,0%,2026-03-06,2026_1Q
광주 12계 2024-7619(6),오피스텔,광주,동구,"광주 동구 금남로4가 79-1 ,충장로4가 7-3,7-14 로머스파크주건축물 7층 702호","335,000,000","187,600,000",진행,0,0%,2026-03-06,2026_1Q
광주 12계 2024-7619(7),오피스텔,광주,동구,"광주 동구 금남로4가 79-1 ,충장로4가 7-3,7-14 로머스파크주건축물 8층 802호","335,000,000","187,600,000",진행,0,0%,2026-03-06,2026_1Q
광주 12계 2024-7619(8),오피스텔,광주,동구,"광주 동구 금남로4가 79-1 ,충장로4가 7-3,7-14 로머스파크주건축물 14층 1403호","338,000,000","189,280,000",진행,0,0%,2026-03-06,2026_1Q
광주 11계 2024-7695,아파트,광주,남구,"광주 남구 봉선동 127-15 ,132-4,132-5,132-6,132-9,132-12,132-14,132-18,148,152-2,156-15,921-37 무등파크 203동 8층 807호","275,000,000","192,500,000",진행,0,0%,2026-03-03,2026_1Q
광주 5계 2024-7831(2),오피스텔,광주,광산구,광주 광산구 쌍암동 672-2 첨단타운 5층 508호,"53,000,000","18,996,000",진행,0,0%,2026-03-04,2026_1Q
광주 6계 2024-8087(2),근린상가,광주,서구,광주 서구 화정동 12-17 금호월드 6층 46호,"63,600,000","18,236,000",진행,0,0%,2026-03-11,2026_1Q
광주 5계 2024-8308,근린상가,광주,북구,"광주 북구 용봉동 17-1 ,17-16,17-21,30-55,30-58,110-14,오치동 457-5 굿모닝타운 7층 701호","386,000,000","172,928,000",진행,0,0%,2026-03-04,2026_1Q
광주 2계 2024-8490(1),임야,광주,광산구,광주 광산구 소촌동 산98-110,"4,428,594,000","4,428,594,000",취하,0,0%,2026-02-19,2026_1Q
광주 2계 2024-8490(2),대지,광주,서구,광주 서구 금호동 239-3,"4,208,730,000","4,208,730,000",취하,0,0%,2026-02-19,2026_1Q
광주 7계 2024-8711,아파트,광주,광산구,광주 광산구 선암동 783 선운지구해광샹그릴라 103동 2층 205호,"305,000,000","213,500,000",낙찰,"232,110,000",76.1%,2026-02-13,2026_1Q
광주 12계 2024-8810,아파트,광주,남구,광주 남구 진월동 499-68 진월동풍림 102동 9층 903호,"214,000,000","149,800,000",진행,0,0%,2026-03-06,2026_1Q
광주 5계 2024-8957,숙박시설,광주,서구,광주 서구 양동 143-2,"747,685,380","334,964,000",진행,0,0%,2026-03-04,2026_1Q
광주 12계 2024-9165,아파트,광주,북구,광주 북구 각화동 608 각화센트럴파크서희스타힐스 101동 2층 201호,"408,000,000","285,600,000",진행,0,0%,2026-03-06,2026_1Q
광주 3계 2024-9219,주상복합(상가),광주,광산구,광주 광산구 신창동 1128-4 정원씨티캐슬 2층 상가201호,"514,000,000","184,218,000",진행,0,0%,2026-03-05,2026_1Q
광주 3계 2024-61507,아파트,광주,남구,광주 남구 지석동 444 일진스위트포레 105동 11층 1101호,"330,000,000","330,000,000",신건,0,0%,2026-03-05,2026_1Q
광주 9계 2024-63350(2),다세대,광주,광산구,광주 광산구 쌍암동 676-3 첨단센트럴파크2차 202동 11층 1109호,"202,000,000","46,333,000",진행,0,0%,2026-02-25,2026_1Q
광주 5계 2024-66168,아파트,광주,광산구,광주 광산구 흑석동 811 수완센트럴시티서희스타힐스 104동 25층 2504호,"428,000,000","32,170,000",진행,0,0%,2026-03-04,2026_1Q
광주 11계 2024-67185,오피스텔(주거),광주,북구,광주 북구 신안동 478-5 굿마인트 4층 416호,"44,000,000","4,135,000",진행,0,0%,2026-03-03,2026_1Q
광주 12계 2024-67864,오피스텔(주거),광주,광산구,"광주 광산구 쌍암동 694-106 ,694-105,694-107,694-119 쌍암동미르채리버파크 7층 715호","97,000,000","7,292,000",진행,0,0%,2026-03-06,2026_1Q
광주 11계 2024-70471,아파트,광주,동구,광주 동구 계림동 1827 그랜드센트럴 108동 12층 1201호,"285,000,000","26,778,000",진행,0,0%,2026-03-03,2026_1Q
광주 11계 2024-71214,대지,광주,남구,광주 남구 서동 112,"35,124,520,000","35,124,520,000",진행,0,0%,2026-03-03,2026_1Q
광주 11계 2024-71559(4),답,광주,광산구,광주 광산구 삼도동 13,"140,364,000","62,884,000",진행,0,0%,2026-03-03,2026_1Q
광주 12계 2024-71771,단독주택,광주,북구,광주 북구 매곡동 61,"906,731,830","507,771,000",진행,0,0%,2026-03-06,2026_1Q
광주 11계 2024-71979,다세대,광주,광산구,"광주 광산구 수완동 189 디프리마수완 1동 1,2,지하층 104호","2,820,000,000","1,263,360,000",진행,0,0%,2026-03-03,2026_1Q
광주 12계 2024-71993,연립,광주,광산구,"광주 광산구 수완동 189 디프리마수완 1동 1,2,지하1층 105호","2,820,000,000","1,579,200,000",진행,0,0%,2026-03-06,2026_1Q
광주 12계 2024-72101(2),임야,광주,서구,광주 서구 화정동 산197,"80,265,700","18,412,000",진행,0,0%,2026-03-06,2026_1Q
광주 6계 2024-72187(1),연립,광주,광산구,"광주 광산구 수완동 189 디프리마수완 1동 1,2,지하1층 101호","2,660,000,000","953,344,000",진행,0,0%,2026-03-11,2026_1Q
광주 6계 2024-72187(2),연립,광주,광산구,"광주 광산구 수완동 189 디프리마수완 1동 1,2,지하1층 102호","2,660,000,000","953,344,000",진행,0,0%,2026-03-11,2026_1Q
광주 12계 2024-72217,아파트,광주,광산구,광주 광산구 쌍암동 661-8 첨단에이엠씨티3차 3층 312호,"101,000,000","36,199,000",진행,0,0%,2026-03-06,2026_1Q
광주 12계 2024-72897,근린상가,광주,광산구,광주 광산구 송정동 842-16,"1,664,158,000","1,164,911,000",진행,0,0%,2026-03-06,2026_1Q
광주 12계 2024-73081(9),아파트,광주,서구,광주 서구 치평동 1258-5 상무리채Ⅲ 7층 709호,"75,000,000","42,000,000",진행,0,0%,2026-03-06,2026_1Q
광주 12계 2024-73111(1),주상복합(상가),광주,광산구,광주 광산구 우산동 1609-16 우산동한국아델리움더스위트 2층 201호,"442,000,000","158,413,000",진행,0,0%,2026-03-06,2026_1Q
광주 12계 2024-73111(2),주상복합(상가),광주,광산구,광주 광산구 우산동 1609-16 우산동한국아델리움더스위트 3층 301호,"381,000,000","136,551,000",진행,0,0%,2026-03-06,2026_1Q
광주 12계 2024-73111(3),주상복합(상가),광주,광산구,광주 광산구 우산동 1609-16 우산동한국아델리움더스위트 3층 302호,"370,000,000","132,608,000",진행,0,0%,2026-03-06,2026_1Q
광주 12계 2024-73111(4),주상복합(상가),광주,광산구,광주 광산구 우산동 1609-16 우산동한국아델리움더스위트 3층 303호,"211,000,000","75,623,000",진행,0,0%,2026-03-06,2026_1Q
광주 11계 2024-73241,점포,광주,서구,광주 서구 광천동 673-7 1호,"274,038,500","274,038,500",신건,0,0%,2026-03-03,2026_1Q
광주 11계 2024-73425,근린상가,광주,동구,광주 동구 월남동 345,"5,587,671,500","3,129,097,000",진행,0,0%,2026-03-03,2026_1Q
광주 12계 2024-73630,아파트,광주,광산구,광주 광산구 장덕동 1306 진흥수완더루벤스 103동 22층 2202호,"386,000,000","386,000,000",신건,0,0%,2026-03-06,2026_1Q
광주 1계 2024-74008,아파트,광주,남구,광주 남구 주월동 543-9 주월동마이다스빌 101동 14층 1406호,"114,000,000","10,710,573",낙찰,"12,100,000",10.6%,2026-02-11,2026_1Q
광주 11계 2024-74077,대지,광주,광산구,광주 광산구 삼거동 851,"267,178,000","119,696,000",진행,0,0%,2026-03-03,2026_1Q
광주 2계 2024-74114,오피스텔(주거),광주,남구,광주 남구 주월동 1333 봉선주월대라수어썸브릿지 102동 11층 1101호,"328,000,000","229,600,000",낙찰,"232,327,139",70.8%,2026-02-19,2026_1Q
광주 11계 2024-76158,아파트,광주,광산구,광주 광산구 우산동 1601-5 우산동청암더스위트2차 12층 1202호,"397,000,000","222,320,000",진행,0,0%,2026-03-03,2026_1Q
광주 12계 2024-77397,임야,광주,광산구,광주 광산구 지평동 483-5,"56,974,000","25,525,000",진행,0,0%,2026-03-06,2026_1Q
광주 5계 2024-78758,오피스텔(주거),광주,동구,"광주 동구 수기동 89 ,90-1 충장홀리어스 1동 7층 702호","142,000,000","16,677,000",진행,0,0%,2026-03-04,2026_1Q
광주 2계 2024-79447,아파트,광주,서구,광주 서구 금호동 613-6 진흥더블파크 102동 5층 501호,"583,000,000","326,480,000",낙찰,"430,850,999",73.9%,2026-02-19,2026_1Q
광주 11계 2024-79683,숙박시설,광주,광산구,광주 광산구 우산동 1606-2,"4,349,269,080","3,479,416,000",진행,0,0%,2026-03-03,2026_1Q
광주 11계 2024-79775,아파트,광주,서구,광주 서구 화정동 858-4 우성 2동 3층 301호,"174,000,000","97,440,000",진행,0,0%,2026-03-03,2026_1Q
광주 11계 2024-79935,아파트,광주,북구,광주 북구 신용동 684 광주첨단2지구호반베르디움2단지 202동 18층 1801호,"680,000,000","680,000,000",진행,0,0%,2026-03-03,2026_1Q
광주 3계 2024-80515,아파트,광주,광산구,광주 광산구 산월동 883-2 부영 305동 6층 606호,"266,000,000","186,200,000",진행,0,0%,2026-03-05,2026_1Q
광주 3계 2024-80942,오피스텔(상가),광주,서구,광주 서구 치평동 1208 골든빌오피스텔 지하층 비106호,"202,000,000","37,068,000",진행,0,0%,2026-03-05,2026_1Q
광주 11계 2024-81044,아파트,광주,광산구,광주 광산구 쌍암동 676-3 첨단센트럴파크2차 201동 6층 605호,"168,000,000","117,600,000",진행,0,0%,2026-03-03,2026_1Q
광주 3계 2024-81204(3),아파트,광주,북구,광주 북구 매곡동 31-1 Am-City 5층 502호,"73,000,000","16,746,000",진행,0,0%,2026-03-05,2026_1Q
광주 11계 2024-81211,점포,광주,북구,광주 북구 동림동 150-1 1동,"2,141,970,000","1,499,379,000",진행,0,0%,2026-03-03,2026_1Q
광주 1계 2024-81358(1),근린상가,광주,광산구,광주 광산구 도산동 773-4 1층 103호,"592,000,000","265,216,000",낙찰,"288,694,400",48.8%,2026-02-11,2026_1Q
광주 11계 2024-81471,전,광주,북구,광주 북구 충효동 777,"42,705,000","42,705,000",신건,0,0%,2026-03-03,2026_1Q
광주 11계 2024-81716,아파트,광주,광산구,"광주 광산구 신가동 302-39 ,신창동 850-5 중흥 204동 7층 706호","139,000,000","97,300,000",진행,0,0%,2026-03-03,2026_1Q
광주 6계 2024-81815(1),도로,광주,북구,광주 북구 양산동 93-5,"4,550,000","3,185,000",진행,0,0%,2026-03-11,2026_1Q
광주 6계 2024-81815(2),도로,광주,북구,광주 북구 양산동 93-6,"135,590,000","94,913,000",진행,0,0%,2026-03-11,2026_1Q
광주 5계 2024-82115(1),전,광주,북구,광주 북구 화암동 260,"84,564,000","84,564,000",신건,0,0%,2026-03-04,2026_1Q
광주 5계 2024-82115(2),임야,광주,북구,광주 북구 화암동 산194,"84,436,000","84,436,000",신건,0,0%,2026-03-04,2026_1Q
광주 11계 2024-82177,답,광주,북구,광주 북구 지야동 804-10,"2,368,578,000","1,658,005,000",진행,0,0%,2026-03-03,2026_1Q
광주 12계 2024-82184,아파트,광주,서구,광주 서구 치평동 1159 상무1차우미 103동 14층 1410호,"187,000,000","130,900,000",진행,0,0%,2026-03-06,2026_1Q
광주 10계 2024-82306,임야,광주,북구,광주 북구 월출동 산68-3,"157,344,000","56,392,000",낙찰,"58,510,000",37.2%,2026-02-20,2026_1Q
광주 10계 2024-82481,아파트,광주,남구,"광주 남구 월산동 337-97 ,323-45,323-66,337-29 우영 1동 9층 903호","147,000,000","82,320,000",낙찰,"126,400,000",86.0%,2026-02-20,2026_1Q
광주 2계 2024-82672,아파트,광주,동구,광주 동구 학동 1022 무등산아이파크 105동 32층 3205호,"323,000,000","115,763,000",낙찰,"116,829,000",36.2%,2026-02-19,2026_1Q
광주 10계 2024-82801,전,광주,광산구,광주 광산구 지죽동 637-5,"34,673,650","15,534,000",유찰,0,0%,2026-02-20,2026_1Q
광주 11계 2024-82818,대지,광주,동구,광주 동구 학동 593-2,"8,030,100","5,622,000",진행,0,0%,2026-03-03,2026_1Q
광주 6계 2024-82979,아파트,광주,북구,광주 북구 삼각동 754-2 드림네스트삼각1차 2층 204호,"229,000,000","42,023,000",진행,0,0%,2026-03-11,2026_1Q
광주 6계 2024-83330(1),주상복합(상가),광주,북구,광주 북구 운암동 1782 센텀플로라에듀 1층 104호,"202,000,000","90,496,000",진행,0,0%,2026-03-11,2026_1Q
광주 12계 2024-83613,아파트,광주,서구,광주 서구 금호동 787 중흥 101동 15층 1510호,"212,000,000","148,400,000",진행,0,0%,2026-03-06,2026_1Q
광주 11계 2024-83705,아파트,광주,광산구,광주 광산구 월계동 756-6 첨단5차라인 503동 8층 806호,"269,000,000","188,300,000",진행,0,0%,2026-03-03,2026_1Q
광주 12계 2024-83712,아파트,광주,광산구,광주 광산구 장덕동 1111 광주수완세영리첼 104동 1층 101호,"464,000,000","324,800,000",진행,0,0%,2026-03-06,2026_1Q
광주 11계 2024-84029,아파트,광주,북구,광주 북구 일곡동 816-4 삼호 102동 9층 901호,"400,000,000","400,000,000",신건,0,0%,2026-03-03,2026_1Q
광주 12계 2024-84340,단독주택,광주,동구,광주 동구 동명동 174-5,"206,473,750","144,532,000",진행,0,0%,2026-03-06,2026_1Q
광주 12계 2024-84562,아파트,광주,서구,광주 서구 풍암동 1132 우미광장 107동 7층 705호,"87,000,000","60,900,000",진행,0,0%,2026-03-06,2026_1Q
광주 5계 2024-84609,아파트,광주,광산구,광주 광산구 쌍암동 682-1 에이엠시티5차 3층 301호,"84,000,000","24,085,000",진행,0,0%,2026-03-04,2026_1Q
광주 12계 2024-85015,아파트,광주,남구,광주 남구 진월동 245 진월2차현대 201동 1층 101호,"142,000,000","99,400,000",진행,0,0%,2026-03-06,2026_1Q
광주 6계 2024-85244,근린상가,광주,서구,광주 서구 치평동 1326 세정아울렛 1층 109호,"1,547,000,000","693,056,000",진행,0,0%,2026-03-11,2026_1Q
광주 10계 2024-85534,대지,광주,남구,광주 남구 서동 114-1,"385,050,000","172,502,000",낙찰,"211,700,000",55.0%,2026-02-20,2026_1Q
광주 11계 2024-85541(1),전,광주,남구,광주 남구 월산동 586,"685,580,000","479,906,000",진행,0,0%,2026-03-03,2026_1Q
광주 11계 2024-85541(2),대지,광주,남구,광주 남구 월산동 584-1,"942,048,000","659,434,000",진행,0,0%,2026-03-03,2026_1Q
광주 1계 2024-85565,답,광주,북구,광주 북구 신용동 477-10,"2,871,000,000","1,286,208,000",취하,0,0%,2026-02-11,2026_1Q
광주 5계 2024-85619,근린주택,광주,서구,광주 서구 쌍촌동 1346-8,"842,376,000","673,901,000",진행,0,0%,2026-03-04,2026_1Q
광주 11계 2024-85701,아파트,광주,북구,광주 북구 일곡동 848-2 대림1차 101동 14층 1407호,"140,000,000","140,000,000",신건,0,0%,2026-03-03,2026_1Q
광주 12계 2024-85718,근린상가,광주,동구,"광주 동구 동명동 143-54 ,143-75,143-37","1,012,806,560","708,965,000",진행,0,0%,2026-03-06,2026_1Q
광주 5계 2024-85909,근린상가,광주,서구,광주 서구 쌍촌동 137-4 신천힐탑맨션 104동 2층 205호,"75,000,000","21,504,000",진행,0,0%,2026-03-04,2026_1Q
광주 7계 2024-85930,아파트,광주,광산구,광주 광산구 송정동 731-1 송정크레지움센트럴 2층 201호,"227,000,000","65,086,000",낙찰,"65,086,000",28.7%,2026-02-13,2026_1Q
광주 7계 2024-86605(3),오피스텔,광주,북구,광주 북구 각화동 594 힐스테이트각화 115동 2층 201호,"195,000,000","87,360,000",낙찰,"91,500,000",46.9%,2026-02-13,2026_1Q
광주 10계 2024-86698,근린상가,광주,서구,광주 서구 치평동 1218-1 프리미엄아울렛 1층 11호,"528,000,000","236,544,000",낙찰,"258,500,000",49.0%,2026-02-20,2026_1Q
광주 11계 2024-86704,아파트,광주,동구,광주 동구 용산동 662 광주용산지구2블럭계룡리슈빌더포레스트 109동 19층 1904호,"631,000,000","631,000,000",신건,0,0%,2026-03-03,2026_1Q
광주 6계 2024-86803,단독주택,광주,남구,광주 남구 주월동 417-6,"231,551,580","42,491,000",진행,0,0%,2026-03-11,2026_1Q
광주 12계 2024-86919,오피스텔(주거),광주,북구,광주 북구 중흥동 348-1 5층 501호,"177,000,000","79,296,000",진행,0,0%,2026-03-06,2026_1Q
광주 12계 2024-86926,아파트,광주,광산구,광주 광산구 월계동 757-5 모아 101동 10층 1007호,"479,000,000","335,300,000",진행,0,0%,2026-03-06,2026_1Q
광주 2계 2024-87158,아파트,광주,서구,"광주 서구 치평동 1330 ,마륵동 802 갤러리303 103동 11층 1101호","774,000,000","541,800,000",낙찰,"612,900,000",79.2%,2026-02-19,2026_1Q
광주 11계 2024-87196,오피스텔(주거),광주,광산구,광주 광산구 지죽동 764 광산엘리체레이크시티 103동 24층 2402호,"270,000,000","270,000,000",신건,0,0%,2026-03-03,2026_1Q
광주 3계 2024-87226,아파트,광주,동구,광주 동구 산수동 568-1 두암타운 102동 11층 1104호,"279,000,000","279,000,000",진행,0,0%,2026-03-05,2026_1Q
광주 12계 2024-87424,아파트,광주,북구,광주 북구 두암동 54 두암2차무등파크맨션 202동 12층 1204호,"171,000,000","119,700,000",진행,0,0%,2026-03-06,2026_1Q
광주 12계 2024-87530,아파트,광주,북구,광주 북구 임동 340 임동 리버파크 102동 10층 1001호,"314,000,000","219,800,000",진행,0,0%,2026-03-06,2026_1Q
광주 11계 2024-87738,아파트,광주,동구,광주 동구 소태동 501 모아미래도 102동 19층 1902호,"218,000,000","218,000,000",신건,0,0%,2026-03-03,2026_1Q
광주 5계 2024-87837,오피스텔(주거),광주,동구,광주 동구 동명동 245-16 동명동센트럴파크 6층 614호,"175,000,000","98,000,000",진행,0,0%,2026-03-04,2026_1Q
광주 6계 2024-87868,단독주택,광주,남구,광주 남구 사동 123-2,"254,573,840","178,202,000",진행,0,0%,2026-03-11,2026_1Q
광주 12계 2024-87943,아파트,광주,동구,광주 동구 계림동 1815 푸른길두산위브 207동 9층 902호,"347,000,000","242,900,000",진행,0,0%,2026-03-06,2026_1Q
광주 3계 2024-87981,오피스텔(주거),광주,동구,광주 동구 동명동 245-16 동명동센트럴파크 5층 511호,"158,000,000","110,600,000",진행,0,0%,2026-03-05,2026_1Q
광주 6계 2024-88137,답,광주,광산구,광주 광산구 신촌동 697-6,"2,092,615,000","1,171,865,000",진행,0,0%,2026-03-11,2026_1Q
광주 2계 2024-88779,오피스텔,광주,북구,광주 북구 신안동 134-7 제일 5층 518호,"27,700,000","7,943,000",낙찰,"9,280,000",33.5%,2026-02-19,2026_1Q
광주 6계 2024-89017(1),아파트,광주,북구,광주 북구 문흥동 1010-2 일신 104동 20층 2001호,"124,000,000","86,800,000",진행,0,0%,2026-03-11,2026_1Q
광주 11계 2024-89031,답,광주,광산구,광주 광산구 남산동 200-1,"133,620,000","133,620,000",신건,0,0%,2026-03-03,2026_1Q
광주 3계 2024-89406(1),다세대,광주,서구,광주 서구 쌍촌동 537-1 신성하우스빌 1층 101호,"76,000,000","53,200,000",진행,0,0%,2026-03-05,2026_1Q
광주 3계 2024-89406(2),다세대,광주,서구,광주 서구 쌍촌동 537-1 신성하우스빌 1층 102호,"52,500,000","36,750,000",진행,0,0%,2026-03-05,2026_1Q
광주 3계 2024-89406(3),다세대,광주,서구,광주 서구 쌍촌동 537-1 신성하우스빌 2층 201호,"82,400,000","57,680,000",진행,0,0%,2026-03-05,2026_1Q
광주 3계 2024-89406(4),다세대,광주,서구,광주 서구 쌍촌동 537-1 신성하우스빌 2층 202호,"48,800,000","34,160,000",진행,0,0%,2026-03-05,2026_1Q
광주 3계 2024-89406(5),다세대,광주,서구,광주 서구 쌍촌동 537-1 신성하우스빌 2층 203호,"56,200,000","39,340,000",진행,0,0%,2026-03-05,2026_1Q
광주 3계 2024-89406(6),다세대,광주,서구,광주 서구 쌍촌동 537-1 신성하우스빌 2층 204호,"82,400,000","57,680,000",진행,0,0%,2026-03-05,2026_1Q
광주 3계 2024-89406(7),다세대,광주,서구,광주 서구 쌍촌동 537-1 신성하우스빌 3층 301호,"82,400,000","57,680,000",진행,0,0%,2026-03-05,2026_1Q
광주 3계 2024-89406(9),다세대,광주,서구,광주 서구 쌍촌동 537-1 신성하우스빌 3층 303호,"56,200,000","39,340,000",진행,0,0%,2026-03-05,2026_1Q
광주 3계 2024-89406(11),다세대,광주,서구,광주 서구 쌍촌동 537-1 신성하우스빌 4층 401호,"82,400,000","57,680,000",진행,0,0%,2026-03-05,2026_1Q
광주 3계 2024-89406(12),다세대,광주,서구,광주 서구 쌍촌동 537-1 신성하우스빌 4층 402호,"48,800,000","34,160,000",진행,0,0%,2026-03-05,2026_1Q
광주 3계 2024-89406(13),다세대,광주,서구,광주 서구 쌍촌동 537-1 신성하우스빌 4층 403호,"56,200,000","39,340,000",진행,0,0%,2026-03-05,2026_1Q
광주 3계 2024-89406(14),다세대,광주,서구,광주 서구 쌍촌동 537-1 신성하우스빌 4층 404호,"82,400,000","57,680,000",진행,0,0%,2026-03-05,2026_1Q
광주 4계 2025-295(1),근린상가,광주,동구,광주 동구 대인동 27 반도전자상가 4층 401호,"1,030,000,000","576,800,000",낙찰,"587,900,000",57.1%,2026-02-24,2026_1Q
광주 5계 2025-301,오피스텔(상가),광주,동구,광주 동구 불로동 135 엘크루에스아이타워 3층 303호,"933,000,000","267,511,000",진행,0,0%,2026-03-04,2026_1Q
광주 3계 2025-479,답,광주,북구,광주 북구 신용동 477-7,"3,962,640,000","2,219,079,000",진행,0,0%,2026-03-05,2026_1Q
광주 3계 2025-578,대지,광주,서구,광주 서구 양동 5-395,"96,229,000","43,110,592",진행,0,0%,2026-03-05,2026_1Q
광주 2계 2025-691,아파트,광주,북구,"광주 북구 매곡동 232 ,225,474-10 대성베르힐 103동 14층 1403호","343,000,000","240,100,000",취하,0,0%,2026-02-19,2026_1Q
광주 5계 2025-714(1),답,광주,광산구,광주 광산구 송정동 230-21,"569,178,000","203,994,000",진행,0,0%,2026-03-04,2026_1Q
광주 5계 2025-714(2),전,광주,광산구,광주 광산구 송정동 264-4,"3,156,000","3,156,000",신건,0,0%,2026-03-04,2026_1Q
광주 5계 2025-714(3),답,광주,광산구,광주 광산구 송정동 265-6,"16,569,000","16,569,000",신건,0,0%,2026-03-04,2026_1Q
광주 12계 2025-776,오피스텔,광주,광산구,광주 광산구 쌍암동 672-2 첨단타운 4층 408호,"53,000,000","53,000,000",신건,0,0%,2026-03-06,2026_1Q
광주 12계 2025-1229,아파트,광주,광산구,광주 광산구 쌍암동 694-116 에드가303 3층 318호,"64,000,000","64,000,000",신건,0,0%,2026-03-06,2026_1Q
광주 12계 2025-1335,근린상가,광주,북구,"광주 북구 유동 10-22 ,10-17,10-18,10-23","5,221,495,480","5,221,495,480",신건,0,0%,2026-03-06,2026_1Q
광주 12계 2025-1557,아파트,광주,광산구,광주 광산구 쌍암동 676-3 첨단센트럴파크2차 201동 14층 1404호,"171,000,000","171,000,000",신건,0,0%,2026-03-06,2026_1Q
광주 2계 2025-1571,오피스텔,광주,광산구,광주 광산구 하남동 506-11 예미지파크힐스 104동 3층 315호,"94,400,000","52,864,000",낙찰,"60,100,000",63.7%,2026-02-19,2026_1Q
광주 3계 2025-1588,오피스텔,광주,광산구,광주 광산구 하남동 506-11 예미지파크힐스 104동 3층 314호,"94,400,000","66,080,000",진행,0,0%,2026-03-05,2026_1Q
광주 3계 2025-1670,아파트상가,광주,동구,광주 동구 학동 768 평화맨션 상가동 지하층 2호,"48,000,000","21,504,000",진행,0,0%,2026-03-05,2026_1Q
광주 7계 2025-1724,아파트형공장,광주,북구,광주 북구 연제동 1038-6 첨단리채비즈타워지식산업센터 15층 비-1503호,"693,000,000","310,464,000",낙찰,"450,000,000",64.9%,2026-02-13,2026_1Q
광주 4계 2025-1793,아파트상가,광주,남구,광주 남구 주월동 1320 양우내안애프레스티지 112동 2층 202호,"966,000,000","346,215,000",낙찰,"690,000,000",71.4%,2026-02-24,2026_1Q
광주 6계 2025-1823,단독주택,광주,동구,광주 동구 소태동 485-14,"230,230,890","230,230,890",진행,0,0%,2026-03-11,2026_1Q
광주 3계 2025-2017,임야,광주,동구,광주 동구 지산동 52-19,"1,290,380,000","1,290,380,000",신건,0,0%,2026-03-05,2026_1Q
광주 12계 2025-2086(2),다세대,광주,서구,광주 서구 광천동 10-30 다온빌 5층 501호,"225,000,000","225,000,000",신건,0,0%,2026-03-06,2026_1Q
광주 7계 2025-2345,아파트,광주,북구,광주 북구 용봉동 999 쌍용예가 103동 14층 1404호,"517,000,000","517,000,000",변경,0,0%,2026-02-13,2026_1Q
광주 6계 2025-2444,근린상가,광주,북구,광주 북구 우산동 206-10,"1,904,819,870","1,066,700,000",진행,0,0%,2026-03-11,2026_1Q
광주 5계 2025-2536(2),근린상가,광주,남구,광주 남구 봉선동 156 가로수빌딩 1동 2층 202호,"1,940,000,000","869,120,000",진행,0,0%,2026-03-04,2026_1Q
광주 5계 2025-2536(3),근린상가,광주,남구,광주 남구 봉선동 156 가로수빌딩 1동 2층 203호,"791,000,000","354,368,000",진행,0,0%,2026-03-04,2026_1Q
광주 5계 2025-2536(4),근린상가,광주,남구,광주 남구 봉선동 156 가로수빌딩 1동 2층 204호,"601,000,000","269,248,000",진행,0,0%,2026-03-04,2026_1Q
광주 5계 2025-2536(5),근린상가,광주,남구,광주 남구 봉선동 156 가로수빌딩 1동 1층 109호,"1,070,000,000","479,360,000",진행,0,0%,2026-03-04,2026_1Q
광주 11계 2025-2598,아파트,광주,서구,광주 서구 동천동 615 호반베르디움 507동 3층 303호,"449,000,000","449,000,000",신건,0,0%,2026-03-03,2026_1Q
광주 12계 2025-2604,단독주택,광주,광산구,"광주 광산구 임곡동 450-35 ,450-22","218,504,400","218,504,400",신건,0,0%,2026-03-06,2026_1Q
광주 2계 2025-2611,단독주택,광주,광산구,"광주 광산구 신룡동 334-1 ,338","732,330,040","410,106,000",낙찰,"471,125,500",64.3%,2026-02-19,2026_1Q
광주 1계 2025-2727,아파트,광주,남구,광주 남구 봉선동 985 라인광장 102동 7층 708호,"187,000,000","104,720,000",낙찰,"130,111,000",69.6%,2026-02-11,2026_1Q
광주 5계 2025-2758,오피스텔,광주,북구,광주 북구 각화동 608 각화센트럴파크서희스타힐스 113동 20층 2003호,"191,000,000","133,700,000",진행,0,0%,2026-03-04,2026_1Q
광주 12계 2025-2819,아파트,광주,남구,광주 남구 백운동 699 힐스테이트백운 106동 14층 1404호,"420,000,000","420,000,000",신건,0,0%,2026-03-06,2026_1Q
광주 9계 2025-2871,대지,광주,광산구,광주 광산구 안청동 288,"350,954,000","245,668,000",진행,0,0%,2026-02-25,2026_1Q
광주 6계 2025-2963,아파트,광주,광산구,광주 광산구 신창동 1128-2 2층 203호,"130,000,000","58,240,000",진행,0,0%,2026-03-11,2026_1Q
광주 9계 2025-2994,공장,광주,광산구,"광주 광산구 남산동 280-2 ,282-3","529,782,000","370,848,000",진행,0,0%,2026-02-25,2026_1Q
광주 7계 2025-3188,아파트,광주,동구,광주 동구 산수동 568-1 두암타운 105동 4층 401호,"237,000,000","237,000,000",변경,0,0%,2026-02-13,2026_1Q
광주 2계 2025-3249,아파트,광주,북구,광주 북구 연제동 1109 연제대광로제비앙 102동 2층 201호,"330,000,000","231,000,000",낙찰,"272,099,999",82.5%,2026-02-19,2026_1Q
광주 3계 2025-3492,아파트,광주,광산구,광주 광산구 쌍암동 676-2 에이엠시티센트럴파크 6층 625호,"140,000,000","98,000,000",진행,0,0%,2026-03-05,2026_1Q
광주 1계 2025-3560,대지,광주,광산구,광주 광산구 연산동 1226,"1,098,618,000","769,032,600",낙찰,"845,900,000",77.0%,2026-02-11,2026_1Q
광주 9계 2025-3621,단독주택,광주,광산구,광주 광산구 도산동 925-7,"291,858,000","204,301,000",진행,0,0%,2026-02-25,2026_1Q
광주 4계 2025-3812,다세대,광주,남구,광주 남구 주월동 970-5 블루빌라 3층 302호,"143,000,000","64,064,000",낙찰,"75,789,000",53.0%,2026-02-24,2026_1Q
광주 9계 2025-3942,단독주택,광주,광산구,광주 광산구 수완동 367,"864,451,400","605,116,000",진행,0,0%,2026-02-25,2026_1Q
광주 3계 2025-4006(1),근린상가,광주,동구,"광주 동구 용산동 665 ,666 더시너지용산 3동 1층 116호","488,000,000","341,600,000",진행,0,0%,2026-03-05,2026_1Q
광주 3계 2025-4006(2),근린상가,광주,동구,"광주 동구 용산동 665 ,666 더시너지용산 4동 1층 122호","345,000,000","241,500,000",진행,0,0%,2026-03-05,2026_1Q
광주 5계 2025-4242,오피스텔(상가),광주,서구,광주 서구 치평동 1208 골든빌 지하층 비105호,"149,000,000","83,440,000",진행,0,0%,2026-03-04,2026_1Q
광주 3계 2025-4259,아파트,광주,광산구,광주 광산구 쌍암동 676-3 첨단센트럴파크2차 202동 16층 1609호,"169,000,000","75,712,000",진행,0,0%,2026-03-05,2026_1Q
광주 9계 2025-4297,단독주택,광주,북구,광주 북구 운암동 411-24,"201,944,080","201,944,080",신건,0,0%,2026-02-25,2026_1Q
광주 3계 2025-4464,답,광주,광산구,광주 광산구 본덕동 495-4,"134,670,000","134,670,000",신건,0,0%,2026-03-05,2026_1Q
광주 11계 2025-4648,차량,광주,서구,광주 서구 벽진동 537-1 하나로에프앤시(010-5372-2362)내 보관,"30,000,000","30,000,000",진행,0,0%,2026-03-03,2026_1Q
광주 5계 2025-4716,공장,광주,광산구,"광주 광산구 광산동 182-7 ,182-8","653,998,980","457,800,000",진행,0,0%,2026-03-04,2026_1Q
광주 6계 2025-4747,아파트,광주,북구,광주 북구 우산동 2-1 은하 1동 1층 103호,"89,000,000","89,000,000",신건,0,0%,2026-03-11,2026_1Q
광주 9계 2025-4778,아파트,광주,북구,"광주 북구 오치동 925-1 ,942-1 금호타운 102동 7층 701호","110,000,000","110,000,000",신건,0,0%,2026-02-25,2026_1Q
광주 7계 2025-4839,근린상가,광주,광산구,광주 광산구 수완동 1083 월드프라자 2층 203호,"430,000,000","430,000,000",변경,0,0%,2026-02-13,2026_1Q
광주 9계 2025-4853,아파트,광주,북구,광주 북구 본촌동 3077 부영사랑으로 106동 14층 1401호,"275,000,000","275,000,000",신건,0,0%,2026-02-25,2026_1Q
광주 3계 2025-4914,아파트,광주,남구,광주 남구 진월동 249 대주 101동 1층 102호,"322,000,000","322,000,000",신건,0,0%,2026-03-05,2026_1Q
광주 9계 2025-4990,아파트,광주,서구,광주 서구 동천동 615 호반베르디움 501동 14층 1402호,"768,000,000","768,000,000",변경,0,0%,2026-02-25,2026_1Q
광주 3계 2025-5047,아파트,광주,서구,광주 서구 치평동 1174-3 라인동산 102동 1층 101호,"219,000,000","219,000,000",신건,0,0%,2026-03-05,2026_1Q
광주 4계 2025-5085,아파트,광주,동구,광주 동구 계림동 1827 그랜드센트럴 108동 15층 1506호,"227,000,000","227,000,000",낙찰,"228,280,000",100.6%,2026-02-24,2026_1Q
광주 3계 2025-5160,전,광주,서구,광주 서구 용두동 176-2,"30,338,330","30,338,330",신건,0,0%,2026-03-05,2026_1Q
광주 9계 2025-5221,근린상가,광주,북구,광주 북구 용전동 607-1,"2,862,366,000","2,862,366,000",신건,0,0%,2026-02-25,2026_1Q
광주 6계 2025-5306,아파트,광주,북구,광주 북구 각화동 614 무등산한국아델리움어반센트럴 101동 8층 804호,"395,000,000","276,500,000",진행,0,0%,2026-03-11,2026_1Q
광주 6계 2025-5436,아파트,광주,광산구,광주 광산구 우산동 1311-1 대광로제비앙 101동 10층 1001호,"291,000,000","203,700,000",진행,0,0%,2026-03-11,2026_1Q
광주 3계 2025-5474,차량,광주,서구,광주 서구 벽진동 537-1 하나로에프앤씨내 보관(010-5372-2362),"15,000,000","8,400,000",진행,0,0%,2026-03-05,2026_1Q
광주 6계 2025-5634,아파트,광주,광산구,광주 광산구 소촌동 286-1 모아드림타운 103동 5층 507호,"166,000,000","166,000,000",신건,0,0%,2026-03-11,2026_1Q
광주 6계 2025-5733,아파트,광주,광산구,광주 광산구 우산동 1621 세계수영선수촌중흥에스-클래스센트럴 104동 3층 302호,"374,000,000","374,000,000",신건,0,0%,2026-03-11,2026_1Q
광주 6계 2025-5849,아파트,광주,북구,광주 북구 연제동 1009 연제2차대주피오레 202동 9층 906호,"280,000,000","280,000,000",신건,0,0%,2026-03-11,2026_1Q
광주 6계 2025-5962,아파트,광주,남구,광주 남구 방림동 436-21 삼일 7동 5층 501호,"260,000,000","260,000,000",신건,0,0%,2026-03-11,2026_1Q
광주 4계 2025-6262(1),근린상가,광주,서구,"광주 서구 매월동 621-2 ,621-22 광주건어물유통종합상가 A동 1층 108호","223,000,000","223,000,000",정지,0,0%,2026-02-24,2026_1Q
광주 4계 2025-6262(2),근린상가,광주,서구,"광주 서구 매월동 621-2 ,621-22 광주건어물유통종합상가 A동 2층 208호","120,000,000","120,000,000",정지,0,0%,2026-02-24,2026_1Q
광주 4계 2025-6262(3),아파트,광주,동구,광주 동구 월남동 638 월남호반베르디움2차 208동 4층 402호,"215,000,000","215,000,000",정지,0,0%,2026-02-24,2026_1Q
광주 6계 2025-6286,아파트,광주,동구,광주 동구 계림동 1827 그랜드센트럴 108동 20층 2006호,"230,000,000","230,000,000",신건,0,0%,2026-03-11,2026_1Q
광주 11계 2025-30050,대지,광주,동구,광주 동구 금남로5가 4-4,"1,120,392,000","1,120,392,000",신건,0,0%,2026-03-03,2026_1Q
광주 12계 2025-30067,아파트,광주,서구,광주 서구 마륵동 815 광주상무역골드클래스 101동 4층 402호,"919,000,000","919,000,000",신건,0,0%,2026-03-06,2026_1Q
광주 6계 2025-30104(1),근린상가,광주,동구,광주 동구 동명동 154-64,"5,105,877,260","2,859,292,000",진행,0,0%,2026-03-11,2026_1Q
광주 2계 2025-30180,아파트,광주,광산구,"광주 광산구 쌍암동 694-70 ,694-71,694-72 첨단도휘에드가2차 5층 511호","62,000,000","17,777,000",낙찰,"17,777,000",28.7%,2026-02-19,2026_1Q
광주 12계 2025-30258,답,광주,북구,광주 북구 충효동 294,"254,232,000","254,232,000",신건,0,0%,2026-03-06,2026_1Q
광주 1계 2025-30265(3),답,광주,북구,광주 북구 충효동 67-5,"23,542,000","8,437,000",낙찰,"9,199,900",39.1%,2026-02-11,2026_1Q
광주 1계 2025-30265(4),답,광주,북구,광주 북구 충효동 293,"26,964,000","9,664,000",낙찰,"10,249,900",38.0%,2026-02-11,2026_1Q
광주 11계 2025-30463,아파트,광주,남구,"광주 남구 봉선동 502 ,1157-21,1157-13,1157-20 라인 101동 14층 1404호","246,000,000","246,000,000",신건,0,0%,2026-03-03,2026_1Q
광주 12계 2025-30593,아파트,광주,서구,광주 서구 치평동 1171-6 라인대주 201동 1층 108호,"271,000,000","271,000,000",신건,0,0%,2026-03-06,2026_1Q
광주 11계 2025-30883,아파트,광주,북구,"광주 북구 운암동 1038-1 ,1038-25,1038-26 일신 103동 4층 402호","114,000,000","114,000,000",신건,0,0%,2026-03-03,2026_1Q
광주 3계 2025-30937,아파트,광주,광산구,"광주 광산구 도천동 627-1 ,627-2 중흥 103동 3층 307호","103,000,000","72,100,000",진행,0,0%,2026-03-05,2026_1Q
광주 6계 2025-31022,오피스텔(주거),광주,동구,광주 동구 수기동 92 아트시티리버파크모아미래도 26층 2620호,"237,000,000","54,363,000",진행,0,0%,2026-03-11,2026_1Q
광주 12계 2025-31046,아파트,광주,북구,광주 북구 문흥동 919 대주맨션 102동 8층 822호,"55,000,000","55,000,000",신건,0,0%,2026-03-06,2026_1Q
광주 3계 2025-31282(1),근린상가,광주,남구,광주 남구 임암동 859 SK타워 2층 204호,"514,000,000","359,800,000",진행,0,0%,2026-03-05,2026_1Q
광주 3계 2025-31282(2),근린상가,광주,남구,광주 남구 임암동 859 SK타워 3층 303호,"490,000,000","343,000,000",진행,0,0%,2026-03-05,2026_1Q
광주 3계 2025-31282(3),근린상가,광주,남구,광주 남구 임암동 859 SK타워 4층 403호,"467,000,000","326,900,000",진행,0,0%,2026-03-05,2026_1Q
광주 5계 2025-31596(1),답,광주,북구,광주 북구 신용동 479-11,"3,309,820,000","1,853,500,000",진행,0,0%,2026-03-04,2026_1Q
광주 5계 2025-31596(2),대지,광주,북구,광주 북구 신용동 479-6,"3,416,400,000","1,913,184,000",진행,0,0%,2026-03-04,2026_1Q
광주 5계 2025-31596(3),답,광주,북구,광주 북구 신용동 478-6,"768,512,000","430,368,000",진행,0,0%,2026-03-04,2026_1Q
광주 12계 2025-31763,아파트,광주,광산구,광주 광산구 쌍암동 661-8 첨단에이엠씨티3차 8층 801호,"72,800,000","72,800,000",신건,0,0%,2026-03-06,2026_1Q
광주 11계 2025-31787,단독주택,광주,남구,광주 남구 주월동 77,"90,883,095","90,883,095",신건,0,0%,2026-03-03,2026_1Q
광주 6계 2025-31862(1),오피스텔(상가),광주,남구,광주 남구 진월동 335-11 금산빌딩 지1층 101호,"4,218,000,000","2,362,080,000",진행,0,0%,2026-03-11,2026_1Q
광주 6계 2025-31862(2),오피스텔(상가),광주,남구,광주 남구 진월동 335-11 금산빌딩 1층 201호,"1,434,000,000","803,040,000",진행,0,0%,2026-03-11,2026_1Q
광주 6계 2025-31862(4),오피스텔(주거),광주,남구,광주 남구 진월동 335-11 금산빌딩 4층 401호,"217,000,000","121,520,000",진행,0,0%,2026-03-11,2026_1Q
광주 6계 2025-31862(5),오피스텔(주거),광주,남구,광주 남구 진월동 335-11 금산빌딩 4층 402호,"193,000,000","108,080,000",진행,0,0%,2026-03-11,2026_1Q
광주 6계 2025-31862(6),오피스텔,광주,남구,광주 남구 진월동 335-11 금산빌딩 4층 403호,"193,000,000","108,080,000",진행,0,0%,2026-03-11,2026_1Q
광주 6계 2025-31862(7),오피스텔,광주,남구,광주 남구 진월동 335-11 금산빌딩 4층 404호,"193,000,000","108,080,000",진행,0,0%,2026-03-11,2026_1Q
광주 6계 2025-31862(8),오피스텔,광주,남구,광주 남구 진월동 335-11 금산빌딩 4층 405호,"217,000,000","121,520,000",진행,0,0%,2026-03-11,2026_1Q
광주 6계 2025-31862(9),오피스텔,광주,남구,광주 남구 진월동 335-11 금산빌딩 4층 406호,"93,000,000","52,080,000",진행,0,0%,2026-03-11,2026_1Q
광주 6계 2025-31862(10),오피스텔,광주,남구,광주 남구 진월동 335-11 금산빌딩 4층 407호,"75,000,000","42,000,000",진행,0,0%,2026-03-11,2026_1Q
광주 3계 2025-31976(1),대지,광주,서구,광주 서구 유촌동 532,"190,431,250","106,642,000",진행,0,0%,2026-03-05,2026_1Q
광주 3계 2025-31976(2),대지,광주,광산구,광주 광산구 송정동 918-9,"19,665,000","11,013,000",진행,0,0%,2026-03-05,2026_1Q
광주 6계 2025-31979(1),아파트,광주,북구,광주 북구 동림동 26-1 우미 102동 15층 1505호,"102,000,000","71,400,000",진행,0,0%,2026-03-11,2026_1Q
광주 6계 2025-31979(2),아파트,광주,북구,광주 북구 동림동 26-1 우미 105동 9층 901호,"100,000,000","70,000,000",진행,0,0%,2026-03-11,2026_1Q
광주 12계 2025-31984,근린상가,광주,광산구,광주 광산구 고룡동 1014 가동,"2,787,192,540","2,787,192,540",신건,0,0%,2026-03-06,2026_1Q
광주 10계 2025-32001,아파트,광주,서구,"광주 서구 금호동 1077 ,1076,1080 이지스위트밸리 102동 1층 108호","248,000,000","173,600,000",낙찰,"222,123,800",89.6%,2026-02-20,2026_1Q
광주 12계 2025-32003,주상복합(상가),광주,동구,광주 동구 산수동 715 라도스하임 1층 115호,"289,000,000","289,000,000",신건,0,0%,2026-03-06,2026_1Q
광주 9계 2025-32042,아파트,광주,북구,"광주 북구 운암동 1038-1 ,1038-25,1038-26 일신 105동 13층 1310호","109,000,000","109,000,000",신건,0,0%,2026-02-25,2026_1Q
광주 12계 2025-32045,주상복합(주거),광주,북구,광주 북구 운암동 940 운암프라자 1동 15층 1503호,"120,000,000","120,000,000",신건,0,0%,2026-03-06,2026_1Q
광주 3계 2025-32051,근린상가,광주,광산구,광주 광산구 도산동 861-11,"2,165,816,000","2,165,816,000",신건,0,0%,2026-03-05,2026_1Q
광주 7계 2025-32075,주상복합(주거),광주,남구,광주 남구 봉선동 1158 봉선동한국아델리움57 5층 501호,"1,830,000,000","1,281,000,000",낙찰,"1,310,000,000",71.6%,2026-02-13,2026_1Q
광주 9계 2025-32096(1),아파트형공장,광주,광산구,광주 광산구 오선동 270-106 지식산업센터케이비아이하남 7층 에이-713호,"260,000,000","260,000,000",신건,0,0%,2026-02-25,2026_1Q
광주 9계 2025-32096(2),아파트형공장,광주,광산구,광주 광산구 오선동 270-106 지식산업센터케이비아이하남 9층 씨-901호,"87,000,000","87,000,000",신건,0,0%,2026-02-25,2026_1Q
광주 12계 2025-32098,아파트,광주,북구,광주 북구 두암동 329 반석힐라 101동 5층 511호,"48,000,000","48,000,000",신건,0,0%,2026-03-06,2026_1Q
광주 5계 2025-32106(1),아파트상가,광주,서구,광주 서구 쌍촌동 1385 상무한국아델리움 132동 1층 119호,"419,000,000","150,170,000",진행,0,0%,2026-03-04,2026_1Q
광주 5계 2025-32106(2),아파트상가,광주,서구,광주 서구 쌍촌동 1385 상무한국아델리움 132동 2층 206호,"96,000,000","34,407,000",진행,0,0%,2026-03-04,2026_1Q
광주 5계 2025-32106(3),아파트상가,광주,서구,광주 서구 쌍촌동 1385 상무한국아델리움 132동 2층 207호,"117,000,000","41,933,000",진행,0,0%,2026-03-04,2026_1Q
광주 5계 2025-32106(4),아파트상가,광주,서구,광주 서구 쌍촌동 1385 상무한국아델리움 132동 2층 208호,"352,000,000","126,157,000",진행,0,0%,2026-03-04,2026_1Q
광주 5계 2025-32106(5),아파트상가,광주,서구,광주 서구 쌍촌동 1385 상무한국아델리움 132동 2층 209호,"298,000,000","106,804,000",진행,0,0%,2026-03-04,2026_1Q
광주 3계 2025-32115,아파트,광주,남구,광주 남구 주월동 450-91 현대 101동 8층 806호,"136,000,000","95,200,000",진행,0,0%,2026-03-05,2026_1Q
광주 6계 2025-32137,오피스텔(주거),광주,서구,광주 서구 농성동 417-36 어반센트럴 18층 1806호,"255,000,000","58,492,000",진행,0,0%,2026-03-11,2026_1Q
광주 3계 2025-32153,아파트,광주,남구,광주 남구 노대동 827 송화레이크힐 505동 5층 501호,"286,000,000","200,200,000",진행,0,0%,2026-03-05,2026_1Q
광주 10계 2025-32173,근린주택,광주,북구,광주 북구 운암동 442-2,"514,456,000","514,456,000",변경,0,0%,2026-02-20,2026_1Q
광주 5계 2025-32210,대지,광주,남구,광주 남구 백운동 574-80,"272,160,000","121,928,000",진행,0,0%,2026-03-04,2026_1Q
광주 6계 2025-32211,아파트,광주,북구,광주 북구 용봉동 17-2 성산 3동 1층 107호,"174,000,000","97,440,000",진행,0,0%,2026-03-11,2026_1Q
광주 11계 2025-32217,아파트상가,광주,광산구,"광주 광산구 도산동 782 ,737-3,737-4,789,1250-3 호반 상가동 지하층 101호","138,000,000","138,000,000",신건,0,0%,2026-03-03,2026_1Q
광주 3계 2025-32224(1),연립,광주,서구,"광주 서구 매월동 355-6 풍암.매월라루체더테라스 101동 3,4층 301호","710,000,000","397,600,000",진행,0,0%,2026-03-05,2026_1Q
광주 3계 2025-32224(2),연립,광주,서구,"광주 서구 매월동 355-6 풍암.매월라루체더테라스 102동 3,4층 301호","710,000,000","397,600,000",진행,0,0%,2026-03-05,2026_1Q
광주 3계 2025-32224(3),연립,광주,서구,"광주 서구 매월동 355-6 풍암.매월라루체더테라스 103동 3,4층 303호","697,000,000","390,320,000",진행,0,0%,2026-03-05,2026_1Q
광주 3계 2025-32224(4),연립,광주,서구,"광주 서구 매월동 355-6 풍암.매월라루체더테라스 104동 1,2층 104호","682,000,000","381,920,000",진행,0,0%,2026-03-05,2026_1Q
광주 3계 2025-32224(5),연립,광주,서구,"광주 서구 매월동 355-6 풍암.매월라루체더테라스 104동 3,4층 303호","696,000,000","389,760,000",진행,0,0%,2026-03-05,2026_1Q
광주 3계 2025-32224(6),연립,광주,서구,"광주 서구 매월동 355-6 풍암.매월라루체더테라스 105동 1,2층 102호","682,000,000","381,920,000",진행,0,0%,2026-03-05,2026_1Q
광주 3계 2025-32224(7),연립,광주,서구,"광주 서구 매월동 355-6 풍암.매월라루체더테라스 105동 1,2층 103호","682,000,000","381,920,000",진행,0,0%,2026-03-05,2026_1Q
광주 6계 2025-32246,단독주택,광주,남구,광주 남구 월산동 965-24,"234,425,080","164,098,000",진행,0,0%,2026-03-11,2026_1Q
광주 5계 2025-32264,오피스텔(주거),광주,광산구,광주 광산구 쌍암동 694-115 에드가 302동 2층 218호,"103,000,000","57,680,000",진행,0,0%,2026-03-04,2026_1Q
광주 1계 2025-32271,아파트,광주,북구,광주 북구 용봉동 17-2 성산 1동 2층 206호,"175,000,000","78,400,000",낙찰,"101,190,000",57.8%,2026-02-11,2026_1Q
광주 3계 2025-32315,근린상가,광주,북구,광주 북구 삼각동 835 일곡엘리체프라임 115동 지하1층 비102호,"424,000,000","189,952,000",진행,0,0%,2026-03-05,2026_1Q
광주 2계 2025-32323,다세대,광주,동구,광주 동구 지산동 460-4 토마토빌 3층 302호,"38,000,000","17,024,000",유찰,0,0%,2026-02-19,2026_1Q
광주 5계 2025-32326(1),근린상가,광주,광산구,"광주 광산구 쌍암동 694-35 ,694-36,694-37,694-38,694-39 키넥스9시네마 1동 1층 107호","325,000,000","145,600,000",진행,0,0%,2026-03-04,2026_1Q
광주 5계 2025-32326(2),근린상가,광주,광산구,"광주 광산구 쌍암동 694-35 ,694-36,694-37,694-38,694-39 키넥스9시네마 1동 1층 108호","325,000,000","145,600,000",진행,0,0%,2026-03-04,2026_1Q
광주 9계 2025-32351,답,광주,남구,광주 남구 대지동 748-20,"422,656,000","189,351,000",진행,0,0%,2026-02-25,2026_1Q
광주 1계 2025-32355,전,광주,남구,광주 남구 신장동 513,"103,800,000","46,502,400",낙찰,"48,100,000",46.3%,2026-02-11,2026_1Q
광주 9계 2025-32369,아파트,광주,광산구,광주 광산구 흑석동 811 수완센트럴시티서희스타힐스 105동 14층 1401호,"434,000,000","303,800,000",진행,0,0%,2026-02-25,2026_1Q
광주 5계 2025-32381,아파트,광주,광산구,광주 광산구 쌍암동 661-8 첨단에이엠씨티3차 9층 909호,"109,000,000","48,832,000",진행,0,0%,2026-03-04,2026_1Q
광주 6계 2025-32382,단독주택,광주,광산구,광주 광산구 동호동 612,"55,298,840","55,298,840",신건,0,0%,2026-03-11,2026_1Q
광주 3계 2025-32398,아파트,광주,서구,"광주 서구 치평동 1330 ,마륵동 802 갤러리303 106동 13층 1301호","845,000,000","845,000,000",진행,0,0%,2026-03-05,2026_1Q
광주 6계 2025-32412,아파트,광주,동구,광주 동구 학동 750-1 삼익세라믹 5동 14층 1405호,"132,000,000","73,920,000",진행,0,0%,2026-03-11,2026_1Q
광주 9계 2025-32440,근린상가,광주,남구,광주 남구 월산동 1016-6,"4,573,449,500","4,573,449,500",신건,0,0%,2026-02-25,2026_1Q
광주 9계 2025-32460,아파트,광주,광산구,광주 광산구 월계동 892-17 첨단에이엠시티스카이하이 7층 703호,"73,000,000","40,880,000",진행,0,0%,2026-02-25,2026_1Q
광주 7계 2025-32471,아파트,광주,북구,"광주 북구 용두동 330 ,308-5,309-3 양산타운 103동 2층 202호","138,000,000","96,600,000",낙찰,"131,999,900",95.7%,2026-02-13,2026_1Q
광주 11계 2025-32484,아파트,광주,광산구,광주 광산구 흑석동 503 수완3단지중흥에스-클래스 303동 13층 1302호,"446,000,000","446,000,000",신건,0,0%,2026-03-03,2026_1Q
광주 5계 2025-32520,근린상가,광주,남구,광주 남구 임암동 867 에스알타워 1층 107호,"437,000,000","195,776,000",진행,0,0%,2026-03-04,2026_1Q
광주 11계 2025-32530,아파트,광주,광산구,"광주 광산구 월계동 757-3 ,757-4 첨단동부 102동 1층 103호","313,000,000","313,000,000",신건,0,0%,2026-03-03,2026_1Q
광주 5계 2025-32536(1),근린상가,광주,서구,광주 서구 유촌동 868-1 3층 301호,"2,180,000,000","976,640,000",진행,0,0%,2026-03-04,2026_1Q
광주 5계 2025-32536(2),근린상가,광주,서구,광주 서구 유촌동 868-1 3층 302호,"75,000,000","33,600,000",진행,0,0%,2026-03-04,2026_1Q
광주 5계 2025-32536(3),근린상가,광주,서구,광주 서구 유촌동 868-1 4층 401호,"181,000,000","81,088,000",진행,0,0%,2026-03-04,2026_1Q
광주 5계 2025-32536(4),근린상가,광주,서구,광주 서구 유촌동 868-1 4층 402호,"250,000,000","112,000,000",진행,0,0%,2026-03-04,2026_1Q
광주 5계 2025-32536(5),근린상가,광주,서구,광주 서구 유촌동 868-1 4층 403호,"225,000,000","100,800,000",진행,0,0%,2026-03-04,2026_1Q
광주 3계 2025-32547,근린상가,광주,동구,광주 동구 대의동 76-1,"5,015,800,080","3,511,061,000",진행,0,0%,2026-03-05,2026_1Q
광주 9계 2025-32558,아파트,광주,북구,광주 북구 연제동 1116 골드클래스 103동 12층 1201호,"323,000,000","323,000,000",신건,0,0%,2026-02-25,2026_1Q
광주 11계 2025-32561,아파트,광주,남구,광주 남구 봉선동 128 봉선동삼익 202동 11층 1104호,"375,000,000","375,000,000",신건,0,0%,2026-03-03,2026_1Q
광주 9계 2025-32589,아파트,광주,광산구,광주 광산구 신가동 1019-2 호반리젠시빌 104동 9층 901호,"250,000,000","250,000,000",신건,0,0%,2026-02-25,2026_1Q
광주 5계 2025-32602,오피스텔(주거),광주,남구,"광주 남구 주월동 957-1 ,957-30,957-31 주월동홀리어스 17층 1701호","250,000,000","112,000,000",진행,0,0%,2026-03-04,2026_1Q
광주 9계 2025-32606,다세대,광주,서구,광주 서구 쌍촌동 528-1 옐도라빌 B동 2층 206호,"65,000,000","65,000,000",신건,0,0%,2026-02-25,2026_1Q
광주 12계 2025-32627,오피스텔(주거),광주,광산구,광주 광산구 쌍암동 676-3 첨단센트럴파크2차 202동 9층 908호,"174,000,000","174,000,000",신건,0,0%,2026-03-06,2026_1Q
광주 2계 2025-32629,연립,광주,남구,"광주 남구 월산동 110-18 ,110-6 광전파크 5층 503호","158,000,000","88,480,000",낙찰,"93,333,000",59.1%,2026-02-19,2026_1Q
광주 6계 2025-32646,아파트,광주,북구,광주 북구 연제동 31-1 새한 102동 19층 1904호,"108,000,000","108,000,000",신건,0,0%,2026-03-11,2026_1Q
광주 6계 2025-32659,전,광주,동구,광주 동구 선교동 220,"106,272,000","38,089,000",진행,0,0%,2026-03-11,2026_1Q
광주 2계 2025-32668(1),오피스텔(주거),광주,동구,광주 동구 불로동 135 엘크루에스아이타워 14층 1414호,"151,000,000","84,560,000",낙찰,"84,600,000",56.0%,2026-02-19,2026_1Q
광주 6계 2025-32672,아파트,광주,남구,광주 남구 진월동 281 새한 101동 3층 301호,"418,000,000","292,600,000",진행,0,0%,2026-03-11,2026_1Q
광주 9계 2025-32703,대지,광주,남구,광주 남구 백운동 379-5,"474,300,000","332,010,000",진행,0,0%,2026-02-25,2026_1Q
광주 3계 2025-32707,아파트,광주,북구,광주 북구 용두동 1096 양산진아리채 103동 11층 1106호,"353,000,000","353,000,000",신건,0,0%,2026-03-05,2026_1Q
광주 6계 2025-32710,답,광주,북구,광주 북구 본촌동 746-12,"1,237,771,000","693,152,000",진행,0,0%,2026-03-11,2026_1Q
광주 11계 2025-32716,아파트,광주,광산구,광주 광산구 월계동 764-2 서라 108동 5층 501호,"174,000,000","174,000,000",신건,0,0%,2026-03-03,2026_1Q
광주 6계 2025-32720,오피스텔(주거),광주,광산구,광주 광산구 쌍암동 676-2 에이엠시티센트럴파크 11층 1101호,"130,000,000","91,000,000",진행,0,0%,2026-03-11,2026_1Q
광주 11계 2025-32725,중기,광주,광산구,광주 광산구 월전동 92-1 내 보관,"65,000,000","45,500,000",진행,0,0%,2026-03-03,2026_1Q
광주 12계 2025-32760,아파트,광주,남구,광주 남구 봉선동 470 삼익1차 105동 3층 301호,"374,000,000","374,000,000",신건,0,0%,2026-03-06,2026_1Q
광주 3계 2025-32762(2),주상복합(상가),광주,서구,광주 서구 화정동 1708 화정동도나우프리 1층 102호,"1,070,000,000","599,200,000",진행,0,0%,2026-03-05,2026_1Q
광주 3계 2025-32762(3),주상복합(상가),광주,서구,광주 서구 화정동 1708 화정동도나우프리 1층 103호,"610,000,000","341,600,000",진행,0,0%,2026-03-05,2026_1Q
광주 3계 2025-32762(5),주상복합(상가),광주,서구,광주 서구 화정동 1708 화정동도나우프리 1층 105호,"195,000,000","109,200,000",진행,0,0%,2026-03-05,2026_1Q
광주 12계 2025-32774,아파트,광주,북구,광주 북구 양산동 804 마루힐센트럴파크 9층 905호,"130,000,000","130,000,000",신건,0,0%,2026-03-06,2026_1Q
광주 3계 2025-32777,근린상가,광주,남구,광주 남구 월산동 1015-15,"2,251,535,400","1,260,860,000",진행,0,0%,2026-03-05,2026_1Q
광주 6계 2025-32779,근린상가,광주,서구,광주 서구 치평동 1326 세정아울렛 2층 262호,"854,000,000","478,240,000",진행,0,0%,2026-03-11,2026_1Q
광주 9계 2025-32782,답,광주,광산구,광주 광산구 송정동 904-7,"15,549,600","10,885,000",진행,0,0%,2026-02-25,2026_1Q
광주 3계 2025-32787(1),임야,광주,서구,광주 서구 용두동 221-2,"939,114,000","657,380,000",진행,0,0%,2026-03-05,2026_1Q
광주 3계 2025-32787(2),단독주택,광주,서구,광주 서구 세하동 704-3,"476,211,960","333,349,000",진행,0,0%,2026-03-05,2026_1Q
광주 12계 2025-32805,아파트,광주,서구,광주 서구 치평동 1168 해광한신 103동 4층 406호,"207,000,000","207,000,000",신건,0,0%,2026-03-06,2026_1Q
광주 3계 2025-32810,임야,광주,서구,광주 서구 금호동 산130-2,"962,115,000","538,785,000",진행,0,0%,2026-03-05,2026_1Q
광주 3계 2025-32826,아파트,광주,광산구,"광주 광산구 쌍암동 694-70 ,694-71,694-72 첨단도휘에드가2차 8층 801호","59,000,000","33,040,000",기각,0,0%,2026-03-05,2026_1Q
광주 3계 2025-32842,단독주택,광주,서구,광주 서구 화정동 831-15,"465,837,980","326,087,000",진행,0,0%,2026-03-05,2026_1Q
광주 9계 2025-32844,오피스텔,광주,서구,광주 서구 쌍촌동 971-12 상무모아미래도레이크 8층 838호,"132,000,000","132,000,000",신건,0,0%,2026-02-25,2026_1Q
광주 7계 2025-32866,근린상가,광주,광산구,"광주 광산구 월계동 889-2 엘,씨타워 5층 502호","304,000,000","304,000,000",변경,0,0%,2026-02-13,2026_1Q
광주 9계 2025-32868,아파트,광주,광산구,광주 광산구 장덕동 1693 성덕마을 대방노블랜드3차 302동 6층 601호,"865,000,000","865,000,000",신건,0,0%,2026-02-25,2026_1Q
광주 1계 2025-32875,근린상가,광주,광산구,광주 광산구 수완동 727 가동 3층 301호,"454,000,000","317,800,000",낙찰,"333,333,000",73.4%,2026-02-11,2026_1Q
광주 7계 2025-32882,아파트,광주,광산구,광주 광산구 선암동 549 광주선운지구이지더원3단지 307동 11층 1101호,"349,000,000","244,300,000",낙찰,"334,408,289",95.8%,2026-02-13,2026_1Q
광주 3계 2025-32891,근린상가,광주,서구,광주 서구 치평동 1222-2 7층 701호,"263,000,000","147,280,000",진행,0,0%,2026-03-05,2026_1Q
광주 6계 2025-32894,단독주택,광주,서구,광주 서구 용두동 594,"269,054,100","188,338,000",진행,0,0%,2026-03-11,2026_1Q
광주 9계 2025-32896,아파트,광주,광산구,광주 광산구 쌍암동 661-8 첨단에이엠씨티3차 6층 602호,"69,000,000","48,300,000",진행,0,0%,2026-02-25,2026_1Q
광주 7계 2025-32910,아파트,광주,광산구,"광주 광산구 장덕동 1593 ,1594 광주수완현진에버빌2단지 211동 3층 303호","396,000,000","277,200,000",낙찰,"378,900,000",95.7%,2026-02-13,2026_1Q
광주 2계 2025-32915,아파트,광주,북구,광주 북구 양산동 930 지에스그린자이2차 206동 23층 2303호,"331,000,000","231,700,000",낙찰,"289,999,990",87.6%,2026-02-19,2026_1Q
광주 5계 2025-32918,답,광주,북구,광주 북구 삼각동 410,"233,672,000","130,857,000",진행,0,0%,2026-03-04,2026_1Q
광주 7계 2025-32920,아파트,광주,남구,광주 남구 임암동 728 효천시티프라디움 109동 16층 1605호,"464,000,000","464,000,000",변경,0,0%,2026-02-13,2026_1Q
광주 3계 2025-32946,점포,광주,북구,광주 북구 신안동 146-25,"241,548,790","169,085,000",진행,0,0%,2026-03-05,2026_1Q
광주 5계 2025-32948,다세대,광주,북구,광주 북구 운암동 425-3 (주)좋은건설 김경미 1동 4층 401호,"202,000,000","113,120,000",진행,0,0%,2026-03-04,2026_1Q
광주 6계 2025-32964,단독주택,광주,동구,광주 동구 계림동 538-3,"176,855,000","123,799,000",진행,0,0%,2026-03-11,2026_1Q
광주 2계 2025-32972,아파트,광주,남구,광주 남구 행암동 539 효천LH천년나무6단지 605동 2층 204호,"227,000,000","158,900,000",낙찰,"192,562,000",84.8%,2026-02-19,2026_1Q
광주 10계 2025-32987,아파트,광주,서구,"광주 서구 풍암동 777 ,672-2 SK VIEW 102동 13층 1302호","936,000,000","655,200,000",낙찰,"671,200,000",71.7%,2026-02-20,2026_1Q
광주 5계 2025-32996,아파트,광주,광산구,광주 광산구 장덕동 1693 성덕마을 대방노블랜드3차 302동 6층 604호,"910,000,000","637,000,000",진행,0,0%,2026-03-04,2026_1Q
광주 9계 2025-33001,아파트,광주,동구,광주 동구 계림동 1815 푸른길두산위브 209동 17층 1701호,"186,000,000","186,000,000",신건,0,0%,2026-02-25,2026_1Q
광주 5계 2025-33013,오피스텔(주거),광주,남구,광주 남구 진월동 881 진월동한국아델리움57펜트하우스 101동 11층 1101호,"321,000,000","179,760,000",진행,0,0%,2026-03-04,2026_1Q
광주 3계 2025-33026,노유자시설,광주,남구,광주 남구 진월동 376-6,"443,611,890","310,529,000",진행,0,0%,2026-03-05,2026_1Q
광주 5계 2025-33029,다가구,광주,남구,광주 남구 서동 49-3,"756,743,500","423,777,000",진행,0,0%,2026-03-04,2026_1Q
광주 6계 2025-33030,단독주택,광주,광산구,광주 광산구 수완동 946-12,"1,127,456,771","789,220,000",진행,0,0%,2026-03-11,2026_1Q
광주 9계 2025-33038,아파트,광주,남구,광주 남구 진월동 250-3 진월 다동 4층 405호,"126,000,000","126,000,000",신건,0,0%,2026-02-25,2026_1Q
광주 2계 2025-33043,아파트,광주,북구,광주 북구 삼각동 839 삼각골드클래스 105동 4층 401호,"490,000,000","343,000,000",낙찰,"434,000,000",88.6%,2026-02-19,2026_1Q
광주 3계 2025-33044,아파트,광주,북구,광주 북구 문흥동 787-1 우산 107동 1층 106호,"129,000,000","90,300,000",진행,0,0%,2026-03-05,2026_1Q
광주 5계 2025-33047,차량,광주,서구,광주 서구 서창동 531-3 도로상 보관,"2,000,000","1,400,000",진행,0,0%,2026-03-04,2026_1Q
광주 5계 2025-33049,오피스텔(주거),광주,서구,광주 서구 치평동 1203-1 중흥에스-클래스스카이31 19층 2037호,"76,000,000","42,560,000",진행,0,0%,2026-03-04,2026_1Q
광주 9계 2025-33057,오피스텔(주거),광주,북구,광주 북구 동림동 1348 동림동우방아이유쉘1차 102동 7층 701호,"204,000,000","204,000,000",신건,0,0%,2026-02-25,2026_1Q
광주 2계 2025-33063,아파트,광주,남구,광주 남구 노대동 835 송화레이크포레 601동 9층 903호,"643,000,000","643,000,000",유찰,0,0%,2026-02-19,2026_1Q
광주 5계 2025-33069,오피스텔(주거),광주,동구,광주 동구 동명동 245-16 동명동센트럴파크 14층 1414호,"162,000,000","113,400,000",진행,0,0%,2026-03-04,2026_1Q
광주 2계 2025-33074,아파트,광주,동구,광주 동구 금남로5가 154-1 금남로에이엠시티하이클래스 9층 1122호,"74,000,000","51,800,000",낙찰,"51,800,000",70.0%,2026-02-19,2026_1Q
광주 4계 2025-33076,근린주택,광주,서구,광주 서구 동천동 717,"738,896,000","517,228,000",취하,0,0%,2026-02-24,2026_1Q
광주 3계 2025-33084,아파트,광주,남구,"광주 남구 주월동 456 ,456-1,456-6,463-13 현대 21동 12층 1202호","115,000,000","80,500,000",진행,0,0%,2026-03-05,2026_1Q
광주 5계 2025-33088(1),아파트,광주,서구,"광주 서구 금호동 240-10 ,591-3,702-90 로렌시아 101동 5층 501호","413,000,000","289,100,000",진행,0,0%,2026-03-04,2026_1Q
광주 5계 2025-33088(2),아파트상가,광주,북구,광주 북구 동림동 645 삼익 상가동 1층 101호,"84,000,000","58,800,000",진행,0,0%,2026-03-04,2026_1Q
광주 3계 2025-33101,아파트,광주,남구,"광주 남구 주월동 1021-53 ,1021-67,1027-1 덕산 A동 9층 902호","195,000,000","136,500,000",진행,0,0%,2026-03-05,2026_1Q
광주 9계 2025-33126,아파트,광주,서구,광주 서구 금호동 785 마재마을 송촌파인힐 101동 1층 105호,"265,000,000","265,000,000",신건,0,0%,2026-02-25,2026_1Q
광주 10계 2025-33141,아파트,광주,광산구,광주 광산구 쌍암동 676-2 에이엠시티센트럴파크 10층 1017호,"142,000,000","142,000,000",낙찰,"142,000,000",100.0%,2026-02-20,2026_1Q
광주 3계 2025-33147,아파트,광주,북구,광주 북구 삼각동 755-22 호반 102동 8층 908호,"70,000,000","49,000,000",진행,0,0%,2026-03-05,2026_1Q
광주 9계 2025-33152,연립,광주,광산구,광주 광산구 비아동 784 첨단금호어울림더테라스 125동 4층 407호,"512,000,000","512,000,000",신건,0,0%,2026-02-25,2026_1Q
광주 3계 2025-33157,단독주택,광주,광산구,광주 광산구 수완동 1197 1동,"1,149,688,800","804,783,000",진행,0,0%,2026-03-05,2026_1Q
광주 6계 2025-33177,아파트,광주,동구,광주 동구 산수동 568-1 두암타운 113동 6층 601호,"351,000,000","245,700,000",진행,0,0%,2026-03-11,2026_1Q
광주 6계 2025-33195,아파트,광주,남구,광주 남구 봉선동 128 삼익 204동 8층 803호,"200,000,000","140,000,000",진행,0,0%,2026-03-11,2026_1Q
광주 7계 2025-33204,아파트,광주,북구,광주 북구 우산동 835 무등산자이앤어울림 111동 8층 802호,"320,000,000","224,000,000",취하,0,0%,2026-02-20,2026_1Q
광주 3계 2025-33207(1),답,광주,광산구,광주 광산구 본덕동 939,"182,672,000","127,871,000",진행,0,0%,2026-03-05,2026_1Q
광주 3계 2025-33207(2),답,광주,광산구,광주 광산구 유계동 326-5,"349,741,000","244,819,000",진행,0,0%,2026-03-05,2026_1Q
광주 3계 2025-33207(3),아파트,광주,서구,광주 서구 치평동 1166-7 호반 103동 10층 1006호,"203,000,000","142,100,000",진행,0,0%,2026-03-05,2026_1Q
광주 6계 2025-33211,아파트,광주,광산구,광주 광산구 수완동 933 해솔마을 현진에버빌1단지 103동 21층 2102호,"1,279,000,000","895,300,000",진행,0,0%,2026-03-11,2026_1Q
광주 3계 2025-33212,차량,광주,북구,광주 북구 삼각동 754-3 글로벌주차장(010-6245-1001)내 보관,"33,000,000","23,100,000",진행,0,0%,2026-03-05,2026_1Q
광주 3계 2025-33234,연립,광주,동구,광주 동구 용산동 636-16 남룡주택 다동 1층 101호,"110,000,000","110,000,000",신건,0,0%,2026-03-05,2026_1Q
광주 9계 2025-33242,아파트,광주,북구,광주 북구 운암동 110-80 한국 102동 3층 303호,"125,000,000","125,000,000",신건,0,0%,2026-02-25,2026_1Q
광주 3계 2025-33248,근린상가,광주,광산구,광주 광산구 신가동 756-11,"1,322,961,480","1,322,961,480",신건,0,0%,2026-03-05,2026_1Q
광주 7계 2025-33270,단독주택,광주,서구,"광주 서구 벽진동 463 ,464-1","840,980,100","840,980,100",취하,0,0%,2026-02-13,2026_1Q
광주 9계 2025-33277,단독주택,광주,북구,광주 북구 임동 185-11,"173,704,040","173,704,040",신건,0,0%,2026-02-25,2026_1Q
광주 3계 2025-33321,아파트,광주,동구,광주 동구 계림동 1815 푸른길두산위브 209동 17층 1702호,"187,000,000","187,000,000",신건,0,0%,2026-03-05,2026_1Q
광주 9계 2025-33329,차량,광주,광산구,광주 광산구 산정동 156 여대주차장(062-953-8424)내 보관,"15,000,000","8,400,000",진행,0,0%,2026-02-25,2026_1Q
광주 3계 2025-33376,아파트,광주,광산구,광주 광산구 쌍암동 676-3 첨단센트럴파크2차 202동 15층 1512호,"173,000,000","173,000,000",신건,0,0%,2026-03-05,2026_1Q
광주 6계 2025-33395,아파트,광주,광산구,광주 광산구 장덕동 1690 성덕마을 대방노블랜드5차 507동 6층 601호,"796,000,000","796,000,000",신건,0,0%,2026-03-11,2026_1Q
광주 6계 2025-33441,주상복합(상가),광주,광산구,광주 광산구 우산동 1588-1 우산동동부센트레빌 상가동 1층 118호,"666,000,000","666,000,000",신건,0,0%,2026-03-11,2026_1Q
광주 9계 2025-33445,아파트,광주,북구,"광주 북구 삼각동 533 ,672-4,750-13 그린타운 104동 4층 407호","162,000,000","162,000,000",신건,0,0%,2026-02-25,2026_1Q
광주 3계 2025-33447,대지,광주,남구,광주 남구 월산동 912-59,"424,368,000","424,368,000",신건,0,0%,2026-03-05,2026_1Q
광주 6계 2025-33450,대지,광주,남구,광주 남구 월산동 912-58,"410,256,000","410,256,000",신건,0,0%,2026-03-11,2026_1Q
광주 9계 2025-33455,단독주택,광주,북구,광주 북구 중흥동 338-13,"234,593,380","234,593,380",신건,0,0%,2026-02-25,2026_1Q
광주 9계 2025-33499,아파트,광주,북구,광주 북구 일곡동 848-1 현대 204동 10층 1005호,"154,000,000","154,000,000",신건,0,0%,2026-02-25,2026_1Q
광주 3계 2025-33510,아파트,광주,광산구,광주 광산구 월곡동 613-1 하남금호타운 1동 3층 302호,"173,000,000","173,000,000",신건,0,0%,2026-03-05,2026_1Q
광주 4계 2025-33513,단독주택,광주,북구,광주 북구 오치동 951-13,"168,813,900","94,536,000",낙찰,"102,000,000",60.4%,2026-02-24,2026_1Q
광주 9계 2025-33517,아파트,광주,남구,광주 남구 방림동 562 무등산센트럴파크 102동 17층 1703호,"388,000,000","388,000,000",취하,0,0%,2026-02-25,2026_1Q
광주 4계 2025-33538,아파트,광주,남구,광주 남구 임암동 855 효천1중흥에스-클래스에코파크 203동 6층 605호,"451,000,000","315,700,000",낙찰,"327,780,000",72.7%,2026-02-24,2026_1Q
광주 4계 2025-33551,아파트,광주,북구,광주 북구 일곡동 849-1 한일 104동 1층 101호,"150,000,000","105,000,000",낙찰,"120,333,000",80.2%,2026-02-24,2026_1Q
광주 9계 2025-33569,아파트,광주,남구,"광주 남구 봉선동 1125-1 ,1125-2,1125-3,1125-4 무등프라자주월2차 8층 801호","152,000,000","152,000,000",신건,0,0%,2026-02-25,2026_1Q
광주 9계 2025-33593,아파트,광주,서구,광주 서구 유촌동 871 상무버들마을 2주공 205동 14층 1407호,"177,000,000","177,000,000",신건,0,0%,2026-02-25,2026_1Q
광주 3계 2025-33610,차량,광주,북구,광주 북구 삼각동 754-3 글로벌주차장내 보관(010-6245-1001),"23,000,000","12,880,000",진행,0,0%,2026-03-05,2026_1Q
광주 4계 2025-33625(1),도로,광주,북구,광주 북구 임동 92-110,"1,800,000","1,260,000",낙찰,"1,479,000",82.2%,2026-02-24,2026_1Q
광주 4계 2025-33625(2),도로,광주,북구,광주 북구 임동 92-131,"33,000,000","23,100,000",낙찰,"33,000,000",100.0%,2026-02-24,2026_1Q
광주 4계 2025-33625(3),도로,광주,북구,광주 북구 임동 92-134,"29,400,000","20,580,000",낙찰,"20,580,000",70.0%,2026-02-24,2026_1Q
광주 4계 2025-33625(4),도로,광주,북구,광주 북구 임동 92-151,"2,360,000","1,652,000",낙찰,"1,929,000",81.7%,2026-02-24,2026_1Q
광주 7계 2025-33702,차량,광주,광산구,광주 광산구 우산동 218-5 제3자 서창다리주차장내 보관,"18,000,000","12,600,000",낙찰,"16,499,999",91.7%,2026-02-13,2026_1Q
광주 4계 2025-33720,아파트,광주,서구,광주 서구 화정동 930-1 라인동산 110동 1층 108호,"198,000,000","138,600,000",취하,0,0%,2026-02-24,2026_1Q
광주 9계 2025-33783,아파트,광주,서구,광주 서구 화정동 400-16 꽃담마을 이-편한세상 104동 24층 2404호,"602,000,000","602,000,000",신건,0,0%,2026-02-25,2026_1Q
광주 6계 2025-33835,아파트,광주,남구,광주 남구 진월동 484 진월3차삼익세라믹 303동 16층 1607호,"138,000,000","138,000,000",신건,0,0%,2026-03-11,2026_1Q
광주 6계 2025-33857,아파트,광주,광산구,광주 광산구 산정동 1056 부영애시앙 212동 3층 301호,"272,000,000","272,000,000",신건,0,0%,2026-03-11,2026_1Q
광주 12계 2025-33896,차량,광주,광산구,광주 광산구 월전동 92-1 평동주차장(010-4629-2670)내 보관,"17,000,000","17,000,000",신건,0,0%,2026-03-06,2026_1Q
광주 5계 2025-33911(1),차량,광주,광산구,광주 광산구 산정동 156 내 보관,"3,500,000","2,450,000",진행,0,0%,2026-03-04,2026_1Q
광주 5계 2025-33911(2),차량,광주,광산구,광주 광산구 산정동 156 내 보관,"22,000,000","15,400,000",진행,0,0%,2026-03-04,2026_1Q
광주 9계 2025-33933,차량,광주,광산구,광주 광산구 월전동 92-1 평동주차장(010-4629-2670)내 보관,"20,000,000","20,000,000",신건,0,0%,2026-02-25,2026_1Q
광주 3계 2025-33953,차량,광주,남구,광주 남구 송하동 348-1 송원주차장(010-3622-7261)내 보관,"15,000,000","10,500,000",진행,0,0%,2026-03-05,2026_1Q
광주 7계 2025-33970,차량,광주,광산구,광주 광산구 산정동 156 제3자 여대주차장내 보관,"30,000,000","21,000,000",낙찰,"28,910,000",96.4%,2026-02-13,2026_1Q
광주 12계 2025-34009,차량,광주,동구,"광주 동구 소태동 493-1 ,493-10,494-1,494-2 영빈2주차장내 보관(010-5743-8200)","26,000,000","18,200,000",진행,0,0%,2026-03-06,2026_1Q
광주 4계 2025-34030,차량,광주,남구,광주 남구 송하동 348-1 송원주차장(010-3622-7261)내 보관,"75,000,000","52,500,000",낙찰,"60,899,999",81.2%,2026-02-24,2026_1Q
광주 6계 2025-34050,아파트,광주,북구,광주 북구 일곡동 814-4 쌍용 101동 10층 1006호,"417,000,000","417,000,000",신건,0,0%,2026-03-11,2026_1Q
광주 2계 2025-34055,중기,광주,광산구,광주 광산구 월전동 92-1 평동주차장내 보관(010-4629-2670),"40,000,000","28,000,000",낙찰,"31,550,000",78.9%,2026-02-19,2026_1Q
광주 6계 2025-34079,아파트,광주,서구,광주 서구 금호동 931 금호동 쌍용예가 만호마을 106동 3층 304호,"695,000,000","695,000,000",신건,0,0%,2026-03-11,2026_1Q
광주 9계 2025-34087,차량,광주,남구,광주 남구 송하동 348-1 송원주차장내 보관,"20,000,000","14,000,000",진행,0,0%,2026-02-25,2026_1Q
광주 5계 2025-34104,차량,광주,광산구,광주 광산구 월전동 92-1 평동주차장내 보관,"33,000,000","23,100,000",진행,0,0%,2026-03-04,2026_1Q
광주 6계 2025-34137,근린주택,광주,북구,광주 북구 두암동 836-40,"35,966,440","35,966,440",신건,0,0%,2026-03-11,2026_1Q
광주 10계 2025-34143,차량,광주,남구,광주 남구 송하동 348-1 송원주차장내 보관,"19,000,000","13,300,000",낙찰,"15,200,000",80.0%,2026-02-20,2026_1Q
광주 11계 2025-34144,중기,광주,광산구,광주 광산구 월전동 92-1 평동주차장내 보관,"145,000,000","81,200,000",진행,0,0%,2026-03-03,2026_1Q
광주 6계 2025-34162,연립,광주,광산구,광주 광산구 선암동 818 선운더브이레브리티 102동 3층 303호,"524,000,000","524,000,000",신건,0,0%,2026-03-11,2026_1Q
광주 6계 2025-34259,답,광주,북구,광주 북구 일곡동 10,"79,458,000","79,458,000",신건,0,0%,2026-03-11,2026_1Q
광주 6계 2025-34275,아파트,광주,북구,"광주 북구 운암동 1051-1 ,1051-24 미라보 101동 3층 302호","180,000,000","180,000,000",신건,0,0%,2026-03-11,2026_1Q
광주 6계 2025-34287,임야,광주,광산구,광주 광산구 신창동 산101-2,"967,565,000","967,565,000",신건,0,0%,2026-03-11,2026_1Q
광주 11계 2025-34293,차량,광주,동구,광주 동구 소태동 493-1 영빈2주차장내 보관,"33,000,000","23,100,000",진행,0,0%,2026-03-03,2026_1Q
광주 6계 2025-34304,아파트,광주,광산구,광주 광산구 장덕동 1306 진흥수완더루벤스 104동 14층 1403호,"400,000,000","400,000,000",신건,0,0%,2026-03-11,2026_1Q
광주 6계 2025-34331,중기,광주,광산구,광주 광산구 우산동 218-5 서창다리주차장(010-8466-0864)내 보관,"32,000,000","22,400,000",진행,0,0%,2026-03-11,2026_1Q
광주 11계 2025-34408,차량,광주,광산구,광주 광산구 산정동 156 여대주차장내 보관(010-5550-8424),"30,000,000","30,000,000",신건,0,0%,2026-03-03,2026_1Q
광주 9계 2025-34439,차량,광주,광산구,광주 광산구 월전동 92-1 평동주차장(010-4628-2670)내 보관,"5,000,000","5,000,000",신건,0,0%,2026-02-25,2026_1Q
광주 12계 2025-34449,차량,광주,동구,"광주 동구 소태동 493-1 ,493-10,494-1,494-2 영빈2주차장(010-5743-8200)내 보관","5,800,000","5,800,000",신건,0,0%,2026-03-06,2026_1Q
광주 3계 2025-34457,차량,광주,광산구,광주 광산구 우산동 218-5 서창다리주차장(010-8466-0864)내 보관,"13,000,000","9,100,000",진행,0,0%,2026-03-05,2026_1Q
광주 6계 2026-30131,차량,광주,남구,광주 남구 송하동 348-1 송원주차장내 보관(010-3622-7261),"18,000,000","18,000,000",신건,0,0%,2026-03-11,2026_1Q
