지역,대분류,용도,LTV,3M (평균/건수) | Gap≥10%(평균/건수),6M (평균/건수) | Gap≥10%(평균/건수),12M (평균/건수) | Gap≥10%(평균/건수),3년 (평균/건수) | Gap≥10%(평균/건수),5년 (평균/건수) | Gap≥10%(평균/건수),최대Gap,미검출 사유
광주,토지,나대지,75,55.5% (15건) | 48.1% (11건),55.3% (20건) | 49.0% (15건),55.3% (30건) | 49.8% (23건),68.0% (69건) | 63.0% (40건),76.6% (98건) | 77.7% (98건),19.7%p,일관된 추세 없음
광주,토지,기타토지,50,78.3% (67건) | 80.1% (62건),78.5% (115건) | 80.7% (105건),77.4% (204건) | 80.1% (182건),77.7% (532건) | 82.2% (452건),80.5% (866건) | 85.2% (866건),28.5%p,일관된 추세 없음
광주,건물,병원,50,24.1% (11건) | 24.1% (11건),24.1% (11건) | 24.1% (11건),24.1% (11건) | 24.1% (11건),28.3% (13건) | 28.3% (13건),39.9% (15건) | 39.9% (15건),25.9%p,일관된 추세 없음
광주,토지,임야,65,52.8% (10건) | 44.3% (6건),50.2% (13건) | 43.4% (9건),52.8% (22건) | 47.1% (14건),59.6% (54건) | 58.6% (40건),71.2% (94건) | 73.9% (94건),14.8%p,일관된 추세 없음
서울,주택,아파트,80,93.5% (199건) | 97.5% (142건),90.9% (487건) | 94.3% (340건),91.4% (1106건) | 95.0% (765건),87.9% (3165건) | 92.6% (1758건),89.0% (3692건) | 94.3% (3692건),13.5%p,일관된 추세 없음
서울,건물,공장(지식산업센터 업무시설),75,61.4% (36건) | 56.3% (26건),58.2% (74건) | 52.5% (53건),58.4% (97건) | 52.9% (70건),64.7% (176건) | 58.8% (105건),77.2% (251건) | 78.7% (251건),16.8%p,일관된 추세 없음
서울,토지,전,75,43.2% (2건) | 43.2% (2건),49.9% (4건) | 49.9% (4건),47.7% (6건) | 47.7% (6건),67.8% (27건) | 63.1% (20건),76.8% (45건) | 75.6% (45건),31.8%p,일관된 추세 없음
부산,주택,단독,65,45.1% (24건) | 40.6% (19건),48.2% (50건) | 44.9% (40건),46.4% (112건) | 42.0% (88건),54.2% (347건) | 50.1% (247건),67.9% (581건) | 69.2% (581건),19.9%p,일관된 추세 없음
부산,주택,다세대주택,75,53.4% (185건) | 47.0% (138건),48.2% (442건) | 44.2% (380건),49.6% (840건) | 46.1% (731건),52.3% (1438건) | 47.9% (1189건),59.5% (2060건) | 55.5% (2060건),26.8%p,일관된 추세 없음
부산,토지,임야,50,34.6% (14건) | 29.3% (10건),34.0% (32건) | 29.5% (25건),32.3% (65건) | 28.0% (51건),39.7% (135건) | 37.1% (102건),49.6% (260건) | 49.8% (260건),17.7%p,일관된 추세 없음
부산,토지,기타토지,50,68.3% (76건) | 71.7% (65건),71.0% (148건) | 74.1% (129건),70.3% (360건) | 74.3% (296건),69.2% (1145건) | 75.5% (838건),74.2% (1881건) | 80.0% (1881건),21.0%p,일관된 추세 없음
부산,건물,근린상가,60,45.4% (65건) | 41.8% (49건),43.3% (112건) | 38.7% (85건),46.0% (229건) | 42.4% (177건),48.5% (491건) | 44.3% (353건),55.8% (678건) | 54.2% (678건),16.7%p,일관된 추세 없음
부산,토지,전,70,39.5% (3건) | 39.5% (3건),48.0% (9건) | 48.0% (9건),44.6% (23건) | 43.5% (22건),58.4% (57건) | 56.3% (47건),68.4% (97건) | 68.4% (97건),30.5%p,일관된 추세 없음
전남,주택,근린주택,50,62.0% (2건) | 62.0% (2건),62.0% (2건) | 62.0% (2건),60.0% (8건) | 62.8% (6건),58.3% (22건) | 61.7% (16건),61.7% (33건) | 64.8% (33건),12.0%p,일관된 추세 없음
전남,토지,잡종지,70,53.8% (16건) | 47.7% (10건),57.7% (22건) | 49.1% (12건),57.7% (36건) | 53.6% (26건),75.8% (90건) | 77.5% (71건),87.4% (127건) | 91.5% (127건),16.2%p,일관된 추세 없음
전남,건물,숙박시설,60,38.4% (34건) | 33.7% (28건),37.3% (66건) | 35.0% (60건),37.1% (146건) | 35.5% (136건),39.5% (217건) | 37.3% (192건),41.0% (235건) | 38.4% (235건),22.9%p,일관된 추세 없음
전북,토지,과수원,50,102.9% (1건) | 102.9% (1건),102.9% (1건) | 102.9% (1건),102.9% (1건) | 102.9% (1건),48.0% (4건) | 44.5% (3건),57.7% (7건) | 58.0% (7건),52.9%p,일관된 추세 없음
대구,주택,단독,70,50.6% (57건) | 40.3% (38건),51.5% (123건) | 44.6% (90건),50.9% (209건) | 44.8% (156건),57.8% (632건) | 50.8% (389건),65.9% (820건) | 63.7% (820건),19.4%p,일관된 추세 없음
대구,토지,전,55,40.9% (36건) | 39.6% (32건),39.2% (76건) | 36.9% (66건),40.5% (132건) | 37.9% (112건),56.9% (265건) | 57.5% (218건),63.5% (367건) | 65.8% (367건),15.8%p,일관된 추세 없음
대구,주택,다세대주택,70,58.2% (34건) | 43.7% (16건),58.8% (88건) | 51.8% (54건),54.0% (194건) | 47.3% (134건),57.9% (563건) | 50.9% (347건),65.0% (895건) | 61.0% (895건),16.0%p,일관된 추세 없음
대구,건물,아파트상가,55,42.0% (6건) | 42.0% (6건),36.1% (8건) | 36.1% (8건),43.8% (10건) | 43.8% (10건),58.7% (50건) | 60.6% (31건),57.0% (84건) | 58.7% (84건),18.9%p,일관된 추세 없음
대구,토지,기타토지,60,75.0% (148건) | 77.8% (122건),78.5% (342건) | 81.4% (292건),78.5% (740건) | 82.0% (620건),77.8% (2243건) | 81.3% (1862건),79.0% (3275건) | 82.7% (3275건),18.5%p,일관된 추세 없음
대구,토지,잡종지,70,85.7% (3건) | 85.7% (3건),57.2% (5건) | 57.2% (5건),57.2% (5건) | 57.2% (5건),68.3% (12건) | 67.7% (10건),77.0% (16건) | 77.8% (16건),15.7%p,일관된 추세 없음
대구,주택,다가구,65,53.9% (20건) | 48.7% (14건),52.4% (36건) | 48.2% (26건),53.8% (84건) | 47.8% (48건),59.0% (169건) | 53.7% (79건),63.0% (213건) | 61.7% (213건),12.6%p,일관된 추세 없음
인천,토지,나대지,70,53.4% (24건) | 48.3% (18건),55.1% (56건) | 50.6% (42건),53.8% (108건) | 49.3% (82건),78.6% (355건) | 81.8% (260건),81.7% (436건) | 85.8% (436건),16.6%p,일관된 추세 없음
인천,건물,아파트상가,60,37.0% (4건) | 37.0% (4건),37.7% (18건) | 37.7% (18건),37.6% (32건) | 37.6% (32건),51.4% (68건) | 49.9% (53건),61.0% (93건) | 61.9% (93건),23.0%p,일관된 추세 없음
인천,주택,단독,70,56.6% (24건) | 55.4% (20건),57.9% (56건) | 53.9% (40건),57.4% (106건) | 52.8% (76건),64.4% (275건) | 60.8% (170건),69.7% (370건) | 69.1% (370건),13.4%p,일관된 추세 없음
인천,주택,근린주택,75,52.7% (18건) | 48.0% (14건),52.5% (24건) | 49.2% (20건),56.0% (36건) | 49.3% (24건),69.4% (93건) | 66.7% (53건),70.4% (101건) | 68.7% (101건),22.5%p,일관된 추세 없음
인천,건물,근린상가,60,41.4% (182건) | 37.6% (146건),40.1% (326건) | 36.2% (266건),41.8% (520건) | 37.8% (422건),49.8% (1103건) | 47.5% (887건),52.1% (1282건) | 50.4% (1282건),19.9%p,일관된 추세 없음
인천,토지,답,70,54.5% (22건) | 50.2% (16건),47.1% (42건) | 40.9% (32건),44.7% (76건) | 38.3% (60건),59.9% (233건) | 54.6% (157건),66.6% (295건) | 64.8% (295건),25.3%p,일관된 추세 없음
